order,stable_id,institution,country,function_cluster,activation_source_group,activation_source_class,ena,ena_scope,ai_mediated_role,primary_L1,primary_L2,primary_L3,primary_L4,primary_L5,primary_L6,primary_L7,primary_L8,record_linked_L5,record_linked_L6,record_linked_L7,record_linked_L8,baseline_primary_L1,baseline_primary_L2,baseline_primary_L3,baseline_primary_L4,baseline_primary_L5,baseline_primary_L6,baseline_primary_L7,baseline_primary_L8,baseline_strict_L5,baseline_strict_L6,baseline_strict_L7,baseline_strict_L8,activation_url,recourse_url,followup_url,baseline_checked,followup_checked,record_link_rationale
1,A01,Molloy University,United States,Transcript / academic record,Direct institution,Direct institution,No,No,Transcript/GPA,E,E,E,P,NPD,NPD,NPD,NPD,NPD,NPD,NPD,NPD,E,E,E,P,NPD,NPD,NPD,NPD,NPD,NPD,NPD,NPD,https://www.molloy.edu/admissions-aid/first-year-admissions/faqs,,,2026-09-19,2026-09-25 (prospective search; access limitations in source_verification.csv),"No primary E requires a record-link downgrade; baseline P/NPD states are retained, not recoded as explicit."
2,A02,Stony Brook University,United States,Transcript / academic record,Provider / professional source,Named provider/deployer + university relationship,No,No,Transcript/GPA,P,E,E,P,NPD,NPD,NPD,NPD,NPD,NPD,NPD,NPD,P,E,E,P,NPD,NPD,NPD,NPD,NPD,NPD,NPD,NPD,https://www.edvisorly.com/case-study/innovation-at-scale-how-stony-brook-university-is-redefining-admissions-with-eddyai,https://www.stonybrook.edu/commcms/university-honors-programs/admissions.php,,2026-09-19,2026-09-25 (prospective search; access limitations in source_verification.csv),"No primary E requires a record-link downgrade; baseline P/NPD states are retained, not recoded as explicit."
3,A03,Texas Tech University,United States,Transcript / academic record,Provider / professional source,Named provider/deployer,No,No,Transcript/GPA,P,E,E,P,E,E,E,E,E,E,E,E,P,E,E,P,P,P,P,P,P,P,P,P,https://www.edvisorly.com/case-study/texas-tech-university-expands-access-and-opportunity-with-eddyai,https://www.depts.ttu.edu/admissions/reeval/,https://www.depts.ttu.edu/opmanual/OP34.01.php,2026-09-19,2026-09-25 (prospective search; access limitations in source_verification.csv),"OP34.01 section 5(b)(2): improved scores or rank-bearing/dual-credit transcripts enter first-time-in-college re-evaluation and holistic review that may grant admission. This documents revised academic inputs, not correction of the original EddyAI output."
4,A04,California Institute of Technology,United States,Other admissions functions,Direct institution,Direct institution,No,No,AI-generated research questions,E,E,E,E,E,E,P,P,E,E,P,P,E,E,E,E,P,E,P,P,P,E,P,P,https://www.admissions.caltech.edu/apply/first-year-applicants/supplemental-materials/research-papers-and-publications,https://initialview.com/viva/faqs,https://initialview.com/viva/faqs ; https://initialview.com/viva/terms-and-conditions/,2026-09-19,2026-09-25 (prospective search; access limitations in source_verification.csv),"The VIVA FAQ documents a provider channel to question generated questions for the matched applicant population. L5 asks for an identifiable questioning route, not guaranteed merits review. L7/L8 remain P; generated-question challenge does not establish an admissions remedy."
5,A05,University of Oregon,United States,Transcript / academic record,Direct institution,Direct institution + platform technical documentation,No,No,AI/OCR academic record,E,E,E,E,E,E,P,P,E,E,P,P,E,E,E,E,E,E,P,P,E,E,P,P,https://admissions.uoregon.edu/self-reported-transcript-and-academic-record-system,https://admissions.uoregon.edu/self-reported-transcript-and-academic-record-system,,2026-09-19,2026-09-25 (prospective search; access limitations in source_verification.csv),"The university STARS route allows applicants to review and correct the imported academic record. That closes the challenge and evidence links for the represented record, while broader post-decision reconsideration and remedy remain partial."
6,A06,University of Houston-Downtown,United States,Transcript / academic record,Provider / professional source,Named provider/deployer with institutional officials,No,No,Transcript automation,P,E,E,P,E,E,E,E,E,E,E,E,P,E,E,P,E,E,E,E,P,P,P,P,https://www.parchment.com/blog/how-the-university-of-houston-downtown-automated-transcript-processing/,https://www.uhd.edu/admissions/appeal/index.aspx,https://www.uhd.edu/admissions/appeal/index.html ; https://app.smartsheet.com/b/form/42d113e3f5a34ba28a0a69994faec0ec,2026-09-19,2026-09-25 (prospective search; access limitations in source_verification.csv),"The officially linked undergraduate appeal form expressly accepts freshman and transfer transcripts for reviewing GPA information, with committee review and possible admission. This satisfies the unchanged record-domain reconsideration criterion, without proving original AI-output correction."
7,A07,Virginia Tech,United States,Other admissions functions,Direct institution,Direct institution,No,No,AI essay co-scoring,E,E,E,E,P,P,P,P,P,P,P,P,E,E,E,E,NPD,NPD,NPD,NPD,NPD,NPD,NPD,NPD,https://news.vt.edu/articles/2025/07/admissions-updatesFAQ-2025.html,https://www.vt.edu/admissions/undergraduate/apply/policies.html,https://www.vt.edu/admissions/undergraduate/apply/what-does-my-admissions-decision-mean.html,2026-09-19,2026-09-25 (prospective search; access limitations in source_verification.csv),"Official first-year appeal policy allows correction of incorrectly reported test scores or STARS grades, excludes senior grades, but conflicts with current-cycle finality wording. Retain P across downstream links; no explicit link to the essay-scoring output."
8,A08,UNC-Chapel Hill,United States,Other admissions functions,Direct institution,Direct institution,No,No,Essay scoring / AI-derived data,E,E,E,P,E,P,E,E,P,P,P,P,E,E,E,P,P,P,E,E,P,P,P,P,https://admissions.unc.edu/faqs/does-undergraduate-admissions-use-ai-and-why/,https://catalog.unc.edu/admissions/undergraduate/,https://catalog.unc.edu/admissions/undergraduate/,2026-09-19,2026-09-26 (UTC+04:00; targeted L5 consistency correction; final_adjudication.csv),"Appendix A explicitly permits an applicant-initiated written appeal of negative or rescinded admission for policy violation or material/procedural error. Restricted grounds do not exclude the matched applicant population, so primary L5 changes P to E. L6 remains P because corrected records or supporting documents beyond stating the grounds are not expressly provided for. Primary L7/L8 and all record-linked states are unchanged; no connection to the AI-derived essay output is established."
9,A09,Hope College,United States,Transcript / academic record,Direct institution,Direct institution AI disclosure plus named provider deployment corroboration,No,No,Transcript/GPA,E,E,E,P,NPD,NPD,NPD,NPD,NPD,NPD,NPD,NPD,P,E,E,P,NPD,NPD,NPD,NPD,NPD,NPD,NPD,NPD,https://hope.edu/admissions/apply.html,https://hope.edu/admissions/apply.html,https://hope.edu/admissions/apply.html,2026-09-19,2026-09-25 (prospective search; access limitations in source_verification.csv),Current institution-hosted AI Usage Disclosure explicitly identifies AI processing of high-school transcripts and admissions applications. It supplements provider evidence; it does not establish when the disclosure first appeared.
10,A10,University of Texas at Austin,United States,Transcript / academic record,Provider / professional source,Named provider/deployer,No,No,Transcript automation,P,E,E,P,P,P,P,P,P,P,P,P,P,E,E,P,P,P,P,P,P,P,P,P,https://www.int.parchment.com/en-sea/events-webinars/data-automation-slate-transforming-transcript-processing-at-the-university-of-texas-austin/,https://admissions.utexas.edu/apply/review-decision-process/appeals/,https://admissions.utexas.edu/apply/review-decision-process/waitlist/,2026-09-19,2026-09-25 (prospective search; access limitations in source_verification.csv),"Baseline PPPP and ENA=No retained. Follow-up on 25 September found admission-decision appeals/additional review excluded, alongside limited waitlist updates and procedural routes. This dated observation does not assert a policy change or retrospectively refresh all ENA metadata."
11,A11,Northern Arizona University,United States,Transcript / academic record,Provider / professional source,Named provider/deployer with NAU admissions presenter,No,No,Transcript automation,P,E,E,E,E,E,E,P,E,E,E,P,P,E,E,E,E,E,E,P,E,E,E,P,https://www.parchment.com/en-nz/events-webinars/a-new-way-to-automate-transcripts-as-data/,https://legacy.nau.edu/wp-content/uploads/sites/6/nau-admissions-appeal-checklist.pdf,,2026-09-19,2026-09-25 (prospective search; access limitations in source_verification.csv),"The Admission Appeal Checklist accepts updated transcripts and supporting evidence for admissions reconsideration. These are explicit academic-record-linked steps, but the retained source does not close the outcome-changing remedy link."
12,A12,Georgia State University,United States,Transcript / academic record,Provider / professional source,Named provider/deployer,No,No,Transcript automation,P,E,E,P,E,E,E,E,E,E,E,E,P,E,E,P,E,E,E,E,E,E,E,E,https://www.parchment.com/events-webinars/data-automation-banner-transforming-transcript-processing-at-georgia-state-university/,https://admissions.gsu.edu/bachelors-degree/apply/high-school/?applicantspecialty=freshman-applicants,https://admissions.gsu.edu/bachelors-degree/apply/high-school/?applicantspecialty=freshman-applicants,2026-09-19,2026-09-25 (prospective search; access limitations in source_verification.csv),Retain current E states for the undergraduate/transfer study universe: the verified appeal covers freshman and non-freshman undergraduates. Unspecified graduate deployment extent cannot alone justify a downgrade in an undergraduate study. Exact deployment coverage remains a source limitation.
13,A13,Miami University,United States,Transcript / academic record,Provider / professional source,Named provider/deployer,No,No,AI OCR transcript review,P,E,E,P,P,P,NPD,NPD,P,P,NPD,NPD,P,E,E,P,P,P,NPD,NPD,P,P,NPD,NPD,https://www.parchment.com/en-au/events-webinars/data-automation-slate-2-admissions-teams-transforming-transcript-processing-webinar/,https://miamioh.edu/admission-aid/apply/first-year-students/,,2026-09-19,2026-09-25 (prospective search; access limitations in source_verification.csv),"No primary E requires a record-link downgrade; baseline P/NPD states are retained, not recoded as explicit."
14,A14,University of Texas at Tyler,United States,Transcript / academic record,Provider / professional source,Professional association with named university presenters,No,No,Transcript processing,P,E,E,P,E,E,E,E,P,P,P,P,P,E,E,P,E,E,E,E,P,P,P,P,https://aacrao.secure-platform.com/a/gallery/rounds/116/details/31747,https://www.uttyler.edu/admissions-aid/first-year/freshman-requirements/,https://uttyler.smartcatalogiq.com/en/2026-2027/catalog/undergraduate-admissions-and-enrollment/undergraduate-admission-requirements/appealing-an-admission-decision,2026-09-19,2026-09-25 (prospective search; access limitations in source_verification.csv),Retain primary E states because the additional catalog establishes broad undergraduate appeals. Graduate restrictions lie outside the study universe. Record-linked states remain P because generic circumstances/supporting documents do not establish the requisite transcript-domain link.
15,A15,Illinois Institute of Technology,United States,Transcript / academic record,Provider / professional source,Professional association / named deployment,No,No,Transcript evaluation,P,E,E,P,NPD,NPD,NPD,NPD,NPD,NPD,NPD,NPD,E,E,E,P,NPD,NPD,NPD,NPD,NPD,NPD,NPD,NPD,https://events.educause.edu/annual-conference/2025/agenda/aipowered-admissions-transcript-processing-as-a-catalyst-for-data-transformation,,,2026-09-19,2026-09-25 (prospective search; access limitations in source_verification.csv),"No primary E requires a record-link downgrade; baseline P/NPD states are retained, not recoded as explicit."
16,A16,Xavier University of Louisiana,United States,Transcript / academic record,Provider / professional source,Professional association with XULA presenter,No,No,Transcript processing,P,E,E,P,NPD,NPD,NPD,NPD,NPD,NPD,NPD,NPD,P,E,E,P,NPD,NPD,NPD,NPD,NPD,NPD,NPD,NPD,https://aacrao.secure-platform.com/a/gallery/rounds/125/details/37097,,,2026-09-19,2026-09-25 (prospective search; access limitations in source_verification.csv),"No primary E requires a record-link downgrade; baseline P/NPD states are retained, not recoded as explicit."
17,A17,Tarleton State University,United States,Transcript / academic record,Direct institution,Direct institution,No,No,DigiScript transcript AI,E,E,E,P,P,P,P,P,P,P,P,P,E,E,E,P,E,E,E,E,P,P,P,P,https://www.tarleton.edu/news/automation-tool-expedites-tarleton-state-admissions-processing/,https://www.tarleton.edu/admissions/freshman-admissions-appeals/,https://www.tarleton.edu/admissions/freshman-admissions-appeals/ ; https://catalog.tarleton.edu/admissions/,2026-09-19,2026-09-25 (prospective search; access limitations in source_verification.csv),"Within the undergraduate/transfer universe, freshman credentials-based appeal is explicit but the FAQ limits appeals to freshmen while the catalog separately names transfer appeals with exclusions. Transfer evidence/record-update mechanics and complete coverage are not established. Retain broad undergraduate/transfer deployment and code partial coverage; missing graduate coverage is not the reason."
18,A18,Clemson University,United States,Transcript / academic record,Direct institution,Direct institution + STARS AI/OCR technical documentation,No,No,STARS EasyImport,E,E,E,E,E,E,E,E,E,E,E,E,E,E,E,E,E,E,E,E,E,E,E,E,https://www.clemson.edu/admissions/undergraduate-admissions/apply/stars.html,https://www.clemson.edu/admissions/undergraduate-admissions/apply/appeals.html,,2026-09-19,2026-09-25 (prospective search; access limitations in source_verification.csv),STARS instructions allow submitted-record correction through admissions; the separate denied-applicant appeal accepts a current transcript/progress report and new information. Do not infer guaranteed post-denial reprocessing of an EasyImport error.
19,A20,Oklahoma State University Institute of Technology,United States,Transcript / academic record,Provider / professional source,Named provider/deployer with institutional testimonial,No,No,DigiScript transcript AI,P,E,E,P,P,P,P,P,P,P,P,P,P,E,E,E,NPD,NPD,NPD,NPD,NPD,NPD,NPD,NPD,https://ktechproducts.com/osuit-casestudy/,,https://ktechproducts.com/osuit-casestudy/ ; https://osuit.edu/site-files/documents/student-rights-fall-2023.pdf,2026-09-19,2026-09-25 (prospective search; access limitations in source_verification.csv),"The opened deployment case states automated feedback/audit controls, not explicit human correction or override. The accessible Fall 2023 official rights document pp13-15 supplies evidence, appeal, review and rescission for nonacademic denial, a limited related route. Its current applicability is not confirmed because the newer document was blocked."
20,A21,NC State University,United States,Transcript / academic record,Direct institution,Direct institution,No,No,AIRR transcript processing,E,E,E,P,P,P,P,P,P,P,P,P,E,E,E,P,P,P,P,NPD,P,P,P,NPD,https://emas.ncsu.edu/operations/systems-and-operations/,https://admissions.ncsu.edu/apply/first-year/test-score-consideration-in-admission-decisions/,https://admissions.ncsu.edu/apply/first-year/test-score-consideration-in-admission-decisions/,2026-09-19,2026-09-25 (prospective search; access limitations in source_verification.csv),"The official test-score policy permits reconsideration after denial for applicants who previously omitted scores and states that a changed decision is unlikely, thereby contemplating possible change. Subgroup/stage limits support P, not E."
21,A22,Indiana University,United States,Transcript / academic record,Direct institution,Direct institution,No,No,Raptor transcript AI,E,E,E,P,P,P,P,NPD,P,P,P,NPD,E,E,E,E,P,P,P,NPD,P,P,P,NPD,https://vpsseie.iu.edu/strategic-areas/usi/raptor.html,https://www.policy.iu.edu/policies/bot-22-establishing-campus-admission-policies/index.html,https://vpsseie.iu.edu/strategic-areas/usi/raptor.html,2026-09-19,2026-09-25 (prospective search; access limitations in source_verification.csv),"The institution-hosted Raptor page identifies staff quality assurance but does not explicitly state correction or override authority. Applying the same L4 rule used for OSUIT, quality assurance alone supports partial rather than explicit control."
22,A23,University of Pennsylvania,United States,Other admissions functions,Direct institution,Direct institution,No,No,Administrative AI in admissions,E,E,E,E,P,P,NPD,NPD,P,P,NPD,NPD,E,E,E,E,P,P,NPD,NPD,P,P,NPD,NPD,https://admissions.upenn.edu/how-to-apply/preparing-your-application/integrity-AI-in-admissions-process,https://admissions.upenn.edu/how-to-apply/preparing-your-application/integrity-AI-in-admissions-process,,2026-09-19,2026-09-25 (prospective search; access limitations in source_verification.csv),"No primary E requires a record-link downgrade; baseline P/NPD states are retained, not recoded as explicit."
23,A24,University of Georgia,United States,Transcript / academic record,Direct institution,Direct institution,Yes,Yes — denied-transfer reconsideration boundary,AI/ICR/ML transfer transcript,E,E,E,E,NPD,NPD,NPD,NPD,NPD,NPD,NPD,NPD,E,E,E,E,NPD,NPD,NPD,NPD,NPD,NPD,NPD,NPD,https://news.uga.edu/transferring-to-uga-streamlined-with-new-tech/,https://admissions.uga.edu/transfer-denied-faqs/,,2026-09-19,2026-09-25 (prospective search; access limitations in source_verification.csv),"No primary E requires a record-link downgrade; baseline P/NPD states are retained, not recoded as explicit."
24,A25,University of Minnesota Twin Cities,United States,Transcript / academic record,Direct institution,Direct institution + STARS AI/OCR technical documentation,No,No,STARS EasyImport,E,E,E,E,E,E,P,P,E,E,P,P,E,E,E,E,E,E,P,P,E,E,P,P,https://admissions.tc.umn.edu/faqs-courses-and-grades-self-reporting-your-transcript,https://admissions.tc.umn.edu/verification-self-reported-academic-record,,2026-09-19,2026-09-25 (prospective search; access limitations in source_verification.csv),"STARS allows academic-record correction, and the verification route accepts relevant supporting information. L7-L8 remain P because the documented appeal is scoped to cancellation or change of college, not every initial denial."
25,A26,National University of Singapore,Singapore,Other admissions functions,Direct institution,Direct institution,No,No,saraQ short-response scoring,E,E,E,P,P,P,P,P,P,P,P,P,E,E,E,P,E,E,E,E,P,P,P,P,https://nusit.nus.edu.sg/report-card-2025/2025/08/18/ai-know-oam-saraq/,https://www.nus.edu.sg/oam/admissions/appeals,https://www.nus.edu.sg/oam/admissions/appeals,2026-09-19,2026-09-25 (prospective search; access limitations in source_verification.csv),The opened undergraduate appeals policy excludes Medicine/Dentistry applicants not previously shortlisted. The retained broad saraQ population cannot be shown to exclude that subgroup because the activation page is unavailable. This verified scope restriction supports P; inherited activation is retained without claiming fresh full verification.
26,A27,RMIT University,Australia,Other admissions functions,Provider / professional source,Professional association / institutional award submission,No,No,AI-assisted international application processing,P,E,E,P,P,P,P,P,P,P,P,P,E,E,E,P,E,E,E,E,P,P,P,P,https://www.caudit.edu.au/about/caudit-awards/award-submissions-2024/,https://policies.rmit.edu.au/document/view.php?id=135,https://policies.rmit.edu.au/document/status-and-details.php?id=135,2026-09-19,2026-09-25 (prospective search; access limitations in source_verification.csv),"Selection Procedure clauses 44 and 47-52 provide review for eligible international applicants, but clause 45 excludes SSVF-denied applicants. Retaining the broad international-application population makes primary L5-L8 partial. This exclusion also appears in historical version 3; no recent policy change is inferred. Review of the particular AI-processed application record or output is not established. Baseline ENA=No is retained; scoped SSVF nonavailability is a separate 25 September observation."
27,A28,Queen's University Belfast,United Kingdom,Other admissions functions,Direct institution,Direct institution,No,No,AI-enabled application processing,E,E,E,P,E,P,P,P,P,P,P,P,E,E,E,P,E,P,P,P,P,P,P,P,https://www.qub.ac.uk/sites/StaffGateway/News/NewsArchive/2026/TranscriptDigitalTransformationUniversityAdmissions.html,https://www.qub.ac.uk/contact/complaints/complaints-prospective-students/,,2026-09-19,2026-09-25 (prospective search; access limitations in source_verification.csv),The general prospective-student complaint route does not expressly connect challenge to the AI-enabled application-processing record or output.
28,A29,Anglia Ruskin University,United Kingdom,Other admissions functions,Provider / professional source,Named provider/deployer with institutional testimonial and delivered/go-live metrics,No,No,AI-assisted admissions processing,P,E,E,P,E,E,E,E,P,P,P,P,E,E,E,P,E,E,E,E,P,P,P,P,https://www.niico.ai/resources/anglia-ruskin-university,https://www.aru.ac.uk/study/admissions/admissions-complaints-and-appeals-procedure,,2026-09-19,2026-09-25 (prospective search; access limitations in source_verification.csv),"Procedural irregularity, new information, or bias grounds do not expressly identify the AI-assisted admissions-processing record or output."
29,A30,University of Connecticut,United States,Transcript / academic record,Direct institution,Direct institution,No,No,AI GPA recalculation,E,E,E,P,E,E,E,E,E,E,E,E,E,E,E,P,E,E,E,E,E,E,E,E,https://admissions.uconn.edu/apply/first-year/requirements/,https://admissions.uconn.edu/apply/first-year/appeal/,,2026-09-19,2026-09-25 (prospective search; access limitations in source_verification.csv),"Decision Appeal Process, To Request an Appeal and What Happens Next: updated transcripts and significant new academic information reach the Admissions Committee. This is renewed consideration of academic inputs, not demonstrated correction of an original AI GPA calculation."
30,A31,University of Massachusetts Amherst,United States,Transcript / academic record,Direct institution,Direct institution,Yes,Yes — first-year decisions final,AI transcript/GPA support,E,E,E,P,NPD,NPD,NPD,NPD,NPD,NPD,NPD,NPD,E,E,E,P,NPD,NPD,NPD,NPD,NPD,NPD,NPD,NPD,https://www.umass.edu/admissions/undergraduate-admissions/apply/admission-decision,https://www.umass.edu/admissions/appeals-policy,,2026-09-19,2026-09-25 (prospective search; access limitations in source_verification.csv),"No primary E requires a record-link downgrade; baseline P/NPD states are retained, not recoded as explicit."
31,A32,University of Waterloo,Canada,Other admissions functions,Direct institution,Direct institution,Yes,Yes — admission/readmission appeals excluded,AI + human AIF scoring,E,E,E,E,NPD,NPD,NPD,NPD,NPD,NPD,NPD,NPD,E,E,E,E,NPD,NPD,NPD,NPD,NPD,NPD,NPD,NPD,https://uwaterloo.ca/future-students/admissions/admission-information-form,https://uwaterloo.ca/secretariat/policies-procedures-guidelines/policy-72,,2026-09-19,2026-09-25 (prospective search; access limitations in source_verification.csv),"No primary E requires a record-link downgrade; baseline P/NPD states are retained, not recoded as explicit."
32,A33,Western Governors University,United States,Transcript / academic record,Direct institution,Direct institution,No,No,AI transcript recognition / transfer evaluation,E,E,E,E,E,E,E,P,E,E,E,P,E,E,E,E,E,E,E,P,E,E,E,P,https://www.wgu.edu/blog/future-student-journey2405.html,https://www.wgu.edu/admissions/transfers/transfer-to-wgu.html,,2026-09-19,2026-09-25 (prospective search; access limitations in source_verification.csv),"Transfer-evaluation appeal accepts supporting documents and provides a written outcome. L8 remains P because the located text does not expressly identify changed credit or an amended evaluation as an authorized disposition, not because every remedy must be enumerated."
33,A34,University of Houston,United States,Transcript / academic record,Provider / professional source,Named provider/deployer with UH admissions official,No,No,Raptor transcript evaluation / GPA calculation,P,E,E,E,E,E,E,E,E,E,E,E,P,E,E,E,E,E,E,E,E,E,E,E,https://smartpandatools.com/success-story-university-of-houston/,https://uh.edu/undergraduate-admissions/apply/incoming-freshman/freshman-appeals/index,https://uh.edu/undergraduate-admissions/apply/incoming-freshman/freshman-appeals/index ; https://www.uh.edu/undergraduate-admissions/resources/undergraduate-faqs/,2026-09-19,2026-09-25 (prospective search; access limitations in source_verification.csv),Retain E for university-level academic-record reconsideration available to freshman and transfer applicants. The narrower formal-appeal form and separate post-university-admission Architecture selection must not be confused with that route. Do not claim blanket programme-level remedy or original Raptor-output challenge.
