stable_id,institution,study_universe,activation_population,recourse_population,population_match,decision_stage,mechanism_tags,verification_status,limitations,adjudication,checked_utc
A01,Molloy University,Undergraduate/transfer admissions only; not all degree levels or later programme decisions,Undergraduate applicants whose transcripts enter Molloy's AI-assisted application processing; inherited locator is the first-year admissions FAQ. The transcript paragraph itself does not delimit all operational subpopulations.,No qualifying admissions recourse population established. Located grade-appeal provision concerns enrolled students' course work.,not established; grade-appeal population and decision object are outside the admissions pathway,Pre-decision transcript processing and human application review; no qualifying post-decision route located.,"[""not established""]",verified_with_bounded_search,"[""No inherited recourse URL was supplied."", ""Absence of a located route is documentary NPD, not a claim that no informal or internal recourse exists."", ""The additional query yielded no selected official replacement; the inherited activation URL was read by direct HTTP.""]",No vector change; retain the documented limits of the source verification.,2026-09-25T20:11:49Z
A02,Stony Brook University,Undergraduate/transfer admissions only; not all degree levels or later programme decisions,"First-year/high-school transcript applicants to general undergraduate admission, including the high-volume feeder schools described in the provider case.",Applicants already admitted to the university and denied a University Honors Program; not applicants denied general admission.,mismatch for the university-admission consequence; an honors subgroup alone cannot establish coverage,AI supports the general pre-decision transcript/GPA review; located appeal follows a separate honors-program decision after university admission.,"[""not established""]",verified_with_bounded_search,"[""No qualifying general first-year denial appeal was located in the two searches."", ""Separate academic petitions/transfer-credit procedures returned by search address enrolled-student decisions and were not used as admissions evidence."", ""NPD is bounded by this search and is not proof that no appeal exists.""]",No vector change; retain the documented limits of the source verification.,2026-09-25T20:11:49Z
A03,Texas Tech University,Undergraduate/transfer admissions only; not all degree levels or later programme decisions,Undergraduate applicants whose high-school transcripts are processed for GPA recalculation; strongest concrete activation evidence concerns first-time-in-college applications.,First-time freshmen not fully admitted who provide improved tests/class rank or dual-credit transcripts; a separate branch covers transfer applicants with additional coursework.,"matched for the documented first-year/high-school transcript pathway, subject to specified new-credential eligibility; transfer-wide AI coverage is not inferred","Post-initial-decision re-evaluation, with revised academic inputs and possible admission after holistic review.","[""new/updated credentials"", ""general decision appeal""]",verified,"[""The procedure requires qualifying improved credentials; it does not promise reconsideration on unchanged evidence or an original-output inspection right."", ""Generic product statements covering transfer/graduate transcripts are not treated as institution-specific activation.""]",No vector change; retain the documented limits of the source verification.,2026-09-25T20:11:49Z
A04,California Institute of Technology,Undergraduate/transfer admissions only; not all degree levels or later programme decisions,First-year Caltech applicants who submit research supplements and elect to use InitialView VIVA.,"VIVA users, including the Caltech research-supplement population; repeat recording is available before a VIVA on that project is sent to a school.",matched for provider feedback on generated questions and pre-transmission response revision; no institutional post-decision appeal established,After AI question generation/response recording but before the admissions decision; repeat recording closes once the project is sent.,"[""AI-output-specific challenge"", ""pre-transmission response supplementation""]",verified_adjudicated_change,"[""L5 classification applies the published L5 definition to a provider route before decision; this is not a Caltech appeal."", ""Repeat recording cannot overwrite a school-transmitted VIVA, and admissions officers see earlier attempts."", ""The two required queries did not establish a Caltech institutional appeal."", ""The provider FAQ was fully readable in the browser after web retrieval returned only its JavaScript shell.""]","The VIVA FAQ documents a provider channel to question generated questions for the matched applicant population. L5 asks for an identifiable questioning route, not guaranteed merits review. L7/L8 remain P; generated-question challenge does not establish an admissions remedy.",2026-09-25T20:11:49Z
A05,University of Oregon,Undergraduate/transfer admissions only; not all degree levels or later programme decisions,First-year/high-school-record applicants who choose EasyImport within UO's STARS workflow; Common App applicants can opt into STARS as described by UO.,"STARS applicants, including EasyImport users, who check and correct fields or update grades through their application portal.",matched for academic-record checking/correction; post-denial merits reconsideration and remedy remain unestablished,Pre-submission verification and post-submission academic-record update before the February 15 update deadline; no complete post-decision route established.,"[""existing-record correction"", ""new/updated credentials""]",verified,"[""General student record amendment and tuition-residency appeal procedures are not evidence of coverage for rejected undergraduate applicants."", ""Academic record corrections and new grades have a stated deadline; actual usability or effectiveness was not tested.""]",No vector change; retain the documented limits of the source verification.,2026-09-25T20:11:49Z
A06,University of Houston-Downtown,Undergraduate/transfer admissions only; not all degree levels or later programme decisions,UHD undergraduate admissions applicants whose PDF transcripts enter OCR/Data Automation processing; provider case does not divide the operational population by applicant category.,"Denied undergraduate freshman and transfer applicants, with category-specific deadlines and transcript instructions.",matched for undergraduate admissions: appeal covers both freshman and transfer branches rather than silently limiting deployment to one,"After a denial, before the semester starts; faculty appeal review can produce an admission recommendation/offer.","[""general decision appeal""]",verified_adjudicated_change,"[""Deployment source is historical and provider-hosted; it demonstrates operation at its publication date, not a current contract audit."", ""The form accepts transcript/GPA evidence but does not name the OCR system or establish original-output disclosure."", ""Public form was read only; no fields were filled and no appeal was submitted.""]","The officially linked undergraduate appeal form expressly accepts freshman and transfer transcripts for reviewing GPA information, with committee review and possible admission. This satisfies the unchanged record-domain reconsideration criterion, without proving original AI-output correction.",2026-09-25T20:11:49Z
A07,Virginia Tech,Undergraduate/transfer admissions only; not all degree levels or later programme decisions,First-year applicants in the 2025–26 undergraduate admissions cycle whose essays receive paired human/AI scoring.,First-year applicants under the general appeal policy; denial FAQ covers the same undergraduate decision types. Transfer appeal text is separate and not used to establish first-year essay recourse.,"population matches, but current applicability conflicts; appeal concerns academic-record errors, with no link to the AI essay score",After initial admission decision; correction-based appeal and in-cycle finality coexist in official sources.,"[""existing-record correction"", ""general decision appeal""]",verified_official_conflict_unresolved,"[""The uniform and function-specific web queries did not resolve the official conflict; source access succeeded via direct HTTP after 403s in the web reader."", ""No institution contact was attempted; the applicability question remains open."", ""Activation statement describes a specified admissions cycle, not an inspected model or live admissions system.""]",No vector change; retain the documented limits of the source verification.,2026-09-25T20:11:49Z
A08,UNC-Chapel Hill,Undergraduate/transfer admissions only; not all degree levels or later programme decisions,Undergraduate Common Application candidates whose essay data are processed by the described AI programs; the disclosure also discusses school transcripts.,Applicants receiving negative or rescinded admission decisions who allege a policy violation or material/procedural error; no ordinary merits appeal based merely on later qualifications.,"matched institutional applicant population, restricted grounds; no explicit link from appeal to AI-generated essay metrics","After negative admission or rescission; admission-officer review and possible further provost review, with 30-day general/45-day Early Action first-stage deadlines.","[""general decision appeal""]",verified_targeted_L5_consistency_correction,"[""Primary L5 is explicit for the matched applicant population; restricted grounds alone do not justify P. L6 remains partial because the text does not expressly admit corrected records or supporting documents beyond stated grounds and existing-file review."", ""No AI-output-specific appeal or access to essay metrics was located."", ""The transcript mention in activation does not automatically connect the retained essay function to transcript-credit reconsideration elsewhere in the catalogue.""]","Appendix A explicitly permits an applicant-initiated written appeal of negative or rescinded admission for policy violation or material/procedural error. Restricted grounds do not exclude the matched applicant population, so primary L5 changes P to E. L6 remains P because corrected records or supporting documents beyond stating the grounds are not expressly provided for. Primary L7/L8 and all record-linked states are unchanged; no connection to the AI-derived essay output is established.",2026-09-25T22:11:55Z
A09,Hope College,Undergraduate/transfer admissions only; not all degree levels or later programme decisions,First-year applicants whose high-school transcript information is extracted and GPAs recalculated for Hope admission.,No qualifying first-year admissions challenge established. The located departmental appeal concerns teacher-education applicants/current students; scholarship updates concern another outcome.,mismatch for the located departmental appeal; general first-year recourse not established,Pre-decision processing and human application review; no qualifying challenge to first-year admission located.,"[""not established""]",verified_adjudicated_change,"[""The timing of addition of the official disclosure is not established; this is a prospective classification, not proof of a historical mistake."", ""First uniform search returned Liverpool Hope University results, which were excluded as a different institution."", ""Application reactivation/future admission and scholarship update options are not coded as a current admissions decision appeal.""]",Current institution-hosted AI Usage Disclosure explicitly identifies AI processing of high-school transcripts and admissions applications. It supplements provider evidence; it does not establish when the disclosure first appeared.,2026-09-25T20:11:49Z
A10,University of Texas at Austin,Undergraduate/transfer admissions only; not all degree levels or later programme decisions,UT Austin admissions applicants whose transcripts enter the documented Data Automation/Slate workflow; exact deployed freshman/transfer distribution is not explicit in the accessible webinar landing text.,Procedural appeal categories at designated application stages; denied freshman/transfer applicants and admitted students seeking another major may join a capacity-dependent waitlist.,"overlap across freshman and transfer populations, but distinct decision objects and unresolved exact deployment distribution; no admission-decision appeal","Procedural appeals before or around admission administration; after decision, waitlist consideration with short academic updates if space becomes available.","[""new/updated credentials""]",partial_activation_population_verified_recourse,"[""Embedded provider webinar was not viewed; exact activation-population boundaries and L4 control cannot be fully reverified from its landing text."", ""Current policy cannot establish when a policy changed; no historical-change claim is made."", ""A capacity-dependent waitlist is not an admissions-decision appeal or an original OCR-output correction route.""]",No vector change; retain the documented limits of the source verification.,2026-09-25T20:11:49Z
A11,Northern Arizona University,Undergraduate/transfer admissions only; not all degree levels or later programme decisions,"Transfer applicants whose incoming transfer transcripts are processed using Parchment/Smart Panda OCR, as specifically stated by the named NAU official.",Inherited/search-indexed checklist covers first-year and transfer denied applicants with substantial new information; transfer applicants can supply updated coursework transcripts.,"matched in inherited and search-indexed text for transfer applicants, but current operative document could not be verified",Provider describes pre-decision transcript processing and internal correction; inherited appeal is after denial with revised academic-record evidence.,"[""new/updated credentials"", ""general decision appeal""]",partial_recourse_live_source_unavailable,"[""Live inherited appeal locator returns 404 via both web and direct HTTP; search text alone is not full verification."", ""The archived catalogue result cannot establish present-day policy or available remedy."", ""L5–L8 retained as inherited; no new substantive change proposed.""]",No vector change; retain the documented limits of the source verification.,2026-09-25T20:11:49Z
A12,Georgia State University,Undergraduate/transfer admissions only; not all degree levels or later programme decisions,Georgia State admissions transcript processing; precise degree level and applicant categories are unspecified in the accessible activation landing page.,Undergraduate applicants denied for academic ineligibility; freshman and non-freshman forms. Separate freshman update/re-evaluation conditions.,matched for study's undergraduate/transfer universe; full all-degree deployment extent remains unspecified,Record updates before/after selected first-year decisions; denial appeal within 20 days.,"[""new/updated credentials"", ""general decision appeal""]",verified_sources_with_deployment_extent_limit,"[""Landing-page text read; webinar audiovisual content not transcribed."", ""The undergraduate recourse mechanism is verified; full all-degree deployment extent remains unresolved and is outside the defined study universe."", ""L4 P retained: general institutional processing/control, not a documented applicant correction right.""]",Retain current E states for the undergraduate/transfer study universe: the verified appeal covers freshman and non-freshman undergraduates. Unspecified graduate deployment extent cannot alone justify a downgrade in an undergraduate study. Exact deployment coverage remains a source limitation.,2026-09-25T20:10:00Z
A13,Miami University,Undergraduate/transfer admissions only; not all degree levels or later programme decisions,Miami University Ohio admissions teams processing transcripts in Slate; undergraduate/graduate and freshman/transfer extent unspecified.,First-year applicants; checklist/material submission and admissions contact.,overlap/unclear: first-year administrative support does not establish comprehensive deployment coverage,Application completion and status monitoring.,"[""not established""]",partial_population_scope,"[""No formal first-year decision appeal located in the logged source search; this is not proof that no route exists."", ""Search results were dominated partly by similarly named University of Miami; only miamioh.edu sources admitted."", ""L4 P reflects indirect institutional control rather than an explicit correction/override procedure.""]",No vector change; retain the documented limits of the source verification.,2026-09-25T20:10:00Z
A14,University of Texas at Tyler,Undergraduate/transfer admissions only; not all degree levels or later programme decisions,UT Tyler Sia transcript-processing admissions applicants; activation source does not specify degree level or applicant category.,"Undergraduate denied applicants; separate graduate/professional appeal for policy or criteria errors, with capacity-denial exclusions.",matched within undergraduate/transfer study universe through broad undergraduate catalog and policy; complete degree-level deployment extent unspecified,Denied admission; graduate appeal within five days; undergraduate special admission before registration.,"[""general decision appeal""]",verified_sources_with_record_link_limit,"[""Deployment source does not enumerate full degree-level extent; in-scope undergraduate appeal coverage is broad."", ""Supporting circumstances/evidence do not themselves establish transcript-domain record linkage."", ""No AI-output access or challenge documented.""]",Retain primary E states because the additional catalog establishes broad undergraduate appeals. Graduate restrictions lie outside the study universe. Record-linked states remain P because generic circumstances/supporting documents do not establish the requisite transcript-domain link.,2026-09-25T20:10:00Z
A15,Illinois Institute of Technology,Undergraduate/transfer admissions only; not all degree levels or later programme decisions,Prospective Illinois Tech students in inherited transcript-processing deployment; exact population cannot be reverified from full activation text.,Opened petitions concern students' academic status and prospective courses taken elsewhere; no qualifying denied-applicant route established.,unclear; student-status petition is not admitted as applicant-population coverage,Admissions requirements versus enrolled-student academic petitions.,"[""not established""]",partial_activation_blocked,"[""Inherited activation source remained blocked to full-page opening; search text is partial verification only."", ""Institutional admissions catalog was read, but it cannot independently verify the AI deployment."", ""No historical coding-error inference or exhaustive absence claim.""]",No vector change; retain the documented limits of the source verification.,2026-09-25T20:10:00Z
A16,Xavier University of Louisiana,Undergraduate/transfer admissions only; not all degree levels or later programme decisions,"Freshman and transfer transcript handling at Xavier University of Louisiana, including transfer prior-credit evaluation.","No qualifying initial-admission recourse found; indexed form is academic-dismissal/readmission, with access unresolved.",not established,Initial admission/transcript evaluation; separate dismissal/readmission material is not generalized.,"[""not established""]",partial_recourse_access_blocked,"[""Freshman page returned 403 and academic appeal PDF failed to fetch."", ""Conference description confirms named AI-enabled presentation but is not direct institution-hosted disclosure."", ""No AI-output challenge inferred from committee decision ownership.""]",No vector change; retain the documented limits of the source verification.,2026-09-25T20:10:00Z
A17,Tarleton State University,Undergraduate/transfer admissions only; not all degree levels or later programme decisions,"In-scope freshman/high-school and transfer applicants whose transcripts are processed by DigiScript. Source also mentions graduate processing, which is outside this study universe.","Explicit freshman credential/circumstance appeals; undergraduate catalog names transfer appeals but excludes applicants ineligible to return to a prior institution, while freshman FAQ directs transfers only to inquire.",partial undergraduate/transfer coverage: catalog eligibility exclusion and unresolved specificity/conflicting wording of transfer route; graduate scope not used,After denial; freshman appeal deadline before term; transfer inquiries/appeals.,"[""new/updated credentials"", ""general decision appeal""]",verified_sources_partial_population_coverage,"[""Graduate deployment is outside the study universe and does not cause the downgrade."", ""Catalog transfer appeals and freshman-only FAQ wording have unresolved scope tension; no categorical assertion that all transfers lack recourse."", ""Freshman updated credentials support record linkage for that group; transfer transcript-update/evidence procedure is not explicit."", ""No original DigiScript-output correction right established.""]","Within the undergraduate/transfer universe, freshman credentials-based appeal is explicit but the FAQ limits appeals to freshmen while the catalog separately names transfer appeals with exclusions. Transfer evidence/record-update mechanics and complete coverage are not established. Retain broad undergraduate/transfer deployment and code partial coverage; missing graduate coverage is not the reason.",2026-09-25T20:10:00Z
A18,Clemson University,Undergraduate/transfer admissions only; not all degree levels or later programme decisions,First-year applicants using optional EasyImport within Clemson STARS; transfers do not complete STARS.,STARS correction contact for submitters; denied undergraduate applicants with new compelling information for decision appeal.,match for first-year record correction and qualifying denial appeals; stage exclusions explicitly recorded,"Pre-submission review, post-submission record correction, and post-denial appeal; not every provisional/admitted outcome is appealable.","[""existing-record correction"", ""new/updated credentials"", ""general decision appeal""]",verified_sources_with_stage_limits,"[""No original-AI-output-specific challenge is documented."", ""Decision appeal excludes waitlist decisions before denial and Summer Start admissions, and allows no second appeal."", ""The appeal calendar inspected covers 2026; no future-cycle availability inferred.""]",No vector change; retain the documented limits of the source verification.,2026-09-25T20:10:00Z
A20,Oklahoma State University Institute of Technology,Undergraduate/transfer admissions only; not all degree levels or later programme decisions,"High-school and college transcript/credit evaluation for applicants, readmits, transfers and reverse transfers.",First-time and transfer applicants denied on nonacademic grounds; separate academic suspension/grade processes.,partial overlap only; subject and applicant-category coverage do not match the full deployment,"Nonacademic admission denial, ten working/school-day appeal; student suspension separate.","[""general decision appeal""]",partial_current_policy_access_with_new_related_mechanism,"[""Fall 2024 rights PDF inaccessible; Fall 2023 official policy is the readable evidence and may not establish every current detail."", ""Provider accuracy claims are not treated as independently measured outcomes."", ""No record-linked E or AI-output-specific challenge established.""]","The opened deployment case states automated feedback/audit controls, not explicit human correction or override. The accessible Fall 2023 official rights document pp13-15 supplies evidence, appeal, review and rescission for nonacademic denial, a limited related route. Its current applicability is not confirmed because the newer document was blocked.",2026-09-25T20:10:00Z
A21,NC State University,Undergraduate/transfer admissions only; not all degree levels or later programme decisions,Undergraduate transcript processing used by Undergraduate Admissions and Registration and Records; first-year/transfer extent not exhaustively specified.,Denied first-year applicants who originally omitted test scores; deferred students with specified score choices; general application updates; admitted/enrolled transfer-credit appellants.,partial overlap; mechanisms cover distinct stages and subgroups,"Pre-decision update, selected denied/deferred reconsideration, post-admission transfer-credit evaluation.","[""new/updated credentials"", ""general decision appeal""]",verified_sources_partial_population_coverage,"[""Test scores are distinct from transcript data; source explicitly does not accept standardized scores on the high-school transcript."", ""AIRR-to-transfer-evaluation challenge link is not explicit."", ""No general original-AI-output challenge established.""]","The official test-score policy permits reconsideration after denial for applicants who previously omitted scores and states that a changed decision is unlikely, thereby contemplating possible change. Subgroup/stage limits support P, not E.",2026-09-25T20:10:00Z
A22,Indiana University,Undergraduate/transfer admissions only; not all degree levels or later programme decisions,"Undergraduate high-school and college transcript processing across IU's admissions/enrollment workflows; implementation phases, exact campus coverage not enumerated.","Prospective applicants across IU campuses from 2021 onward, for first undergraduate admission to a campus; excludes later school/unit/program admission.",broad undergraduate overlap; campus implementation and mechanism specificity remain unclear,Later-date reconsideration advice after nonadmission; same-cycle appeal versus reapplication not resolved.,"[""not established""]",verified_sources_adjudicated_L4_qualification,"[""Quality assurance is described without explicit human correction/override; L4 is P under the same correction/control rule applied to OSUIT."", ""Later reconsideration may mean reapplication; no procedure distinguishes it."", ""No AI-output-specific route established.""]","The institution-hosted Raptor page identifies staff quality assurance but does not explicitly state correction or override authority. Applying the same L4 rule used for OSUIT, quality assurance alone supports partial rather than explicit control.",2026-09-25T20:10:00Z
A23,University of Pennsylvania,Undergraduate/transfer admissions only; not all degree levels or later programme decisions,"Penn undergraduate administrative processing, including first-year applicants and preliminary transfer-credit review.",Applicants reporting changes and authorized document submitters; explicit cycle-final denial statement addresses Early/Regular Decision first-year applicants.,partial administrative overlap; denial nonavailability statement cannot automatically be generalized to transfer applicants,Pre-decision updates and staff review; first-year cycle-final denial.,"[""new/updated credentials""]",verified_sources_with_population_limited_nonavailability,"[""Finality statement covers ED/RD first-year cycle; transfer finality not inferred."", ""Routine deferred review is not treated as denied-applicant recourse."", ""No original AI-output challenge documented.""]",No vector change; retain the documented limits of the source verification.,2026-09-25T20:10:00Z
A24,University of Georgia,Undergraduate/transfer admissions only; not all degree levels or later programme decisions,Transfer applicants whose incoming transcripts are processed by the undergraduate admissions tool; the article excludes essays and recommendation letters.,Inherited transfer-denied applicants; current text unavailable. First-year and conduct results are not substitutes.,"Inherited locator matches transfer population, but current recourse coverage could not be verified.",Transcript extraction/translation before an admissions consequence; inherited recourse concerns transfer denial.,"[""not established""]",partial: activation actual text read; inherited recourse not freshly verified,"[""NPD retained from inherited evidence; this bounded search does not prove that no route exists."", ""No denial-to-reversal outcome or actual applicant use established."", ""Queries were executed in a paired batch; result-to-individual-query ranking is not reconstructed.""]",No vector change; retain the documented limits of the source verification.,2026-09-25T20:10:04Z
A25,University of Minnesota Twin Cities,Undergraduate/transfer admissions only; not all degree levels or later programme decisions,Freshman applicants using Courses & Grades/STARS; Easy Import users are the machine-import subset. South Korean curriculum applicants follow a separate uploaded-record route.,Applicants correcting submitted self-reports; deferred/waitlisted applicants updating senior grades; previously admitted applicants whose admission/college is changed during final verification.,"Overlap with the imported academic-record domain, but recourse is stage-specific; no general initial-denial appeal established.",Pre-submission import correction; application-period record update; post-offer verification cancellation or college reassignment.,"[""existing-record correction"", ""new/updated credentials"", ""general decision appeal""]",inherited pair actual text read; AI attribution itself retained from inherited evidence,"[""Institutional page says Easy Import/computer import, not AI; platform function alone is not a fresh independent AI-attribution proof."", ""Post-offer verification review must not be relabelled initial-denial recourse."", ""No successful reversal or AI-output-specific challenge established.""]",No vector change; retain the documented limits of the source verification.,2026-09-25T20:10:04Z
A26,National University of Singapore,Undergraduate/transfer admissions only; not all degree levels or later programme decisions,Inherited broad NUS undergraduate applicants whose short responses are assessed using saraQ; programme-level deployment exclusions cannot be resolved from the inaccessible activation page.,Applicants with outcomes and additional achievements; Medicine/Dentistry only if previously shortlisted for assessment; special NUS College transfer instructions apply.,Partial/unclear: a verified programme exclusion sits within a broadly described undergraduate cohort; do not narrow the cohort to retain E.,Initial short-response scoring versus post-outcome appeal/programme-change request based on additional achievements.,"[""new/updated credentials"", ""general decision appeal""]",partial activation; actual recourse text supports an adjudicated population-coverage restriction,"[""Activation full text unavailable; no claim that Medicine/Dentistry definitely uses saraQ."", ""Primary L5-L8 are P for the retained broad population because programme-level overlap remains unresolved; the cohort was not narrowed to preserve E."", ""General appeal/new-achievement evidence is not AI-output-specific.""]",The opened undergraduate appeals policy excludes Medicine/Dentistry applicants not previously shortlisted. The retained broad saraQ population cannot be shown to exclude that subgroup because the activation page is unavailable. This verified scope restriction supports P; inherited activation is retained without claiming fresh full verification.,2026-09-25T20:10:04Z
A27,RMIT University,Undergraduate/transfer admissions only; not all degree levels or later programme decisions,"International applicants whose documents, including passport/transcript and visa-status requirements, are processed in StudyLink.","Unsuccessful applicants meeting formal-review grounds, excluding international applicants denied under SSVF.",Partial: explicit exclusion inside the declared international deployment population.,Application document validation/processing; feedback and formal review after unsuccessful selection.,"[""general decision appeal""]",inherited pair actual text read; current-policy metadata read,"[""No AI-output-specific challenge, error correction workflow, practical exercise or remedy success established."", ""Formal review is restricted to stated procedural/admission-policy grounds.""]",No vector change; retain the documented limits of the source verification.,2026-09-25T20:10:04Z
A28,Queen's University Belfast,Undergraduate/transfer admissions only; not all degree levels or later programme decisions,"Inherited university application-processing population; indexed AMS evidence spans undergraduate direct, Clearing and postgraduate routes, with exact AI-feature coverage unresolved.",Prospective-student complaints inherited; undergraduate unfair-treatment contact is indexed.,"Unclear: broad deployment versus accessible indexed undergraduate contact, with full recourse text blocked.",Initial application processing and alternative-course suggestion; prospective-applicant complaint.,"[""not established""]",partial: both inherited pages access-blocked; indexed official leads only,"[""Not full actual-page verification; do not report this case as fully reverified."", ""Precise cohort and complaint coverage need source access or author confirmation."", ""No AI-specific challenge or successful remedy established.""]",No vector change; retain the documented limits of the source verification.,2026-09-25T20:10:04Z
A29,Anglia Ruskin University,Undergraduate/transfer admissions only; not all degree levels or later programme decisions,ARU UK/EU and international admissions processing; provider-described multiple document and prioritisation/offer tasks.,"ARU course applicants, including international applicants; grounds-limited admissions appeals rather than academic-judgment challenge.","Matched at applicant population level; qualifying grounds limit review, but no deployment cohort is expressly carved out in this text.",Application/conditional-document processing and offers; post-decision procedural/new-information/bias appeal.,"[""general decision appeal""]",inherited pair actual text read,"[""Provider performance numbers are not independently verified and were not used as effectiveness evidence."", ""No AI-output-specific challenge or actual remedy success established."", ""Publication/update dates not stated in retrieved text.""]",No vector change; retain the documented limits of the source verification.,2026-09-25T20:10:04Z
A30,University of Connecticut,Undergraduate/transfer admissions only; not all degree levels or later programme decisions,First-year applicants whose high-school GPA is recalculated during admissions review.,First-year applicants seeking decision appeal with qualifying significant new academic information.,Matched first-year population; evidentiary grounds restrict appeal but do not redefine the deployment cohort.,Initial transcript-to-GPA calculation followed by post-decision appeal using new/improved academic evidence.,"[""new/updated credentials"", ""general decision appeal""]",inherited pair actual text read,"[""No independent AI-output-specific challenge, GPA-error redress or successful appeal observed."", ""Awards/activities alone are excluded and test-optional treatment cannot be changed."", ""Undated operative web pages; review timing differs for fall and spring.""]",No vector change; retain the documented limits of the source verification.,2026-09-25T20:10:04Z
A31,University of Massachusetts Amherst,Undergraduate/transfer admissions only; not all degree levels or later programme decisions,Inherited first-year transcript/GPA processing cohort; current full activation text blocked.,Indexed first-year finality; distinct transfer reconsideration on new academic information; separate committee-final decisions.,"Indexed first-year scope matches the inherited cohort, but operative text was not fully retrieved.",Initial first-year admissions versus a separate transfer post-decision update route.,"[""not established""]",partial: inherited pair access-blocked; official indexed recourse content only,"[""No full-source revalidation of AI deployment or denial finality in this pass."", ""NPD is documentary coding, not proof no informal route exists."", ""Transfer appeal must not be pooled with first-year recourse.""]",No vector change; retain the documented limits of the source verification.,2026-09-25T20:10:04Z
A32,University of Waterloo,Undergraduate/transfer admissions only; not all degree levels or later programme decisions,Applicants to programmes requiring the AIF; institutional page explicitly says some faculties/programmes do not use it.,Policy 72 enrolled-student appeals excludes admissions/readmissions. Applicant special consideration applies to qualifying circumstances during application/offer conditions.,"No qualifying post-decision AIF/admissions challenge established in examined sources; internal review is matched but is L4, not L5-L8.",Pre-decision AI/human AIF scoring and disagreement escalation; pre-decision accommodation versus excluded admissions appeals.,"[""not established""]",inherited pair actual text read; new relevant alternative inspected,"[""Second human scoring is internal quality control, not applicant appeal."", ""No AI-score disclosure, score contest or reversal observed."", ""Bounded source search cannot establish institutional absence of all safeguards.""]",No vector change; retain the documented limits of the source verification.,2026-09-25T20:10:04Z
A33,Western Governors University,Undergraduate/transfer admissions only; not all degree levels or later programme decisions,Applicants receiving AI-assisted recognition of prior courses and transferable credit in the enrollment journey.,Recipients of official transfer-credit evaluations who dispute credit awarded; expected before programme start under surrounding guidance.,Matched transfer-evaluation domain; post-enrollment coverage remains unclear and is not assumed.,"Prior-learning/transfer-credit evaluation before enrolment, followed by challenge to the evaluation.","[""existing-record correction"", ""challenge to a machine-processed evaluation""]",inherited pair actual text read; handbook follow-up access-blocked,"[""No AI-specific right to inspect/correct model output; machine-processed-evaluation tag denotes the same evaluation domain."", ""No actual successful credit change or practical implementation established."", ""Conflicting timing sentence and unavailable current handbook prevent an L8 upgrade.""]",No vector change; retain the documented limits of the source verification.,2026-09-25T20:10:04Z
A34,University of Houston,Undergraduate/transfer admissions only; not all degree levels or later programme decisions,"University undergraduate transcript/GPA processing, including freshman and transfer records; provider-hosted description does not enumerate all term/programme coverage.","Freshman and transfer academic-record automatic reconsideration; formal appeal only summer/fall FTIC, with college/major exclusions and separate second-stage Architecture selection.",University-level record reconsideration overlaps both freshman and transfer populations. Formal-appeal and programme-level coverage is narrower; must not present one blanket all-stage right.,Transcript/GPA processing; university-admission academic-record reconsideration; separately restricted formal appeal and later college/programme selection.,"[""existing-record correction"", ""new/updated credentials"", ""general decision appeal""]",inherited pair and new official scope texts read; university-admission consequence scope retained,"[""The retained consequence is university admission, not all subsequent programme/college decisions; programme-wide remedy is not claimed."", ""Formal appeal is not available to all applicant terms/populations, even though academic-record reconsideration has a broader stated scope."", ""No correction of original Raptor output or successful remedy observed.""]",Retain E for university-level academic-record reconsideration available to freshman and transfer applicants. The narrower formal-appeal form and separate post-university-admission Architecture selection must not be confused with that route. Do not claim blanket programme-level remedy or original Raptor-output challenge.,2026-09-25T20:10:04Z
