stable_id,institution,analysis,link,before,after,reason,source_urls,checked_utc_date
A04,California Institute of Technology,primary,L5,P,E,"The VIVA FAQ documents a provider channel to question generated questions for the matched applicant population. L5 asks for an identifiable questioning route, not guaranteed merits review. L7/L8 remain P; generated-question challenge does not establish an admissions remedy.",https://initialview.com/viva/faqs ; https://initialview.com/viva/terms-and-conditions/,2026-09-25
A04,California Institute of Technology,record_linked,L5,P,E,"The VIVA FAQ documents a provider channel to question generated questions for the matched applicant population. L5 asks for an identifiable questioning route, not guaranteed merits review. L7/L8 remain P; generated-question challenge does not establish an admissions remedy.",https://initialview.com/viva/faqs ; https://initialview.com/viva/terms-and-conditions/,2026-09-25
A06,University of Houston-Downtown,record_linked,L5,P,E,"The officially linked undergraduate appeal form expressly accepts freshman and transfer transcripts for reviewing GPA information, with committee review and possible admission. This satisfies the unchanged record-domain reconsideration criterion, without proving original AI-output correction.",https://www.uhd.edu/admissions/appeal/index.html ; https://app.smartsheet.com/b/form/42d113e3f5a34ba28a0a69994faec0ec,2026-09-25
A06,University of Houston-Downtown,record_linked,L6,P,E,"The officially linked undergraduate appeal form expressly accepts freshman and transfer transcripts for reviewing GPA information, with committee review and possible admission. This satisfies the unchanged record-domain reconsideration criterion, without proving original AI-output correction.",https://www.uhd.edu/admissions/appeal/index.html ; https://app.smartsheet.com/b/form/42d113e3f5a34ba28a0a69994faec0ec,2026-09-25
A06,University of Houston-Downtown,record_linked,L7,P,E,"The officially linked undergraduate appeal form expressly accepts freshman and transfer transcripts for reviewing GPA information, with committee review and possible admission. This satisfies the unchanged record-domain reconsideration criterion, without proving original AI-output correction.",https://www.uhd.edu/admissions/appeal/index.html ; https://app.smartsheet.com/b/form/42d113e3f5a34ba28a0a69994faec0ec,2026-09-25
A06,University of Houston-Downtown,record_linked,L8,P,E,"The officially linked undergraduate appeal form expressly accepts freshman and transfer transcripts for reviewing GPA information, with committee review and possible admission. This satisfies the unchanged record-domain reconsideration criterion, without proving original AI-output correction.",https://www.uhd.edu/admissions/appeal/index.html ; https://app.smartsheet.com/b/form/42d113e3f5a34ba28a0a69994faec0ec,2026-09-25
A09,Hope College,primary,L1,P,E,Current institution-hosted AI Usage Disclosure explicitly identifies AI processing of high-school transcripts and admissions applications. It supplements provider evidence; it does not establish when the disclosure first appeared.,https://hope.edu/admissions/apply.html,2026-09-25
A17,Tarleton State University,primary,L5,E,P,"Within the undergraduate/transfer universe, freshman credentials-based appeal is explicit but the FAQ limits appeals to freshmen while the catalog separately names transfer appeals with exclusions. Transfer evidence/record-update mechanics and complete coverage are not established. Retain broad undergraduate/transfer deployment and code partial coverage; missing graduate coverage is not the reason.",https://www.tarleton.edu/admissions/freshman-admissions-appeals/ ; https://catalog.tarleton.edu/admissions/,2026-09-25
A17,Tarleton State University,primary,L6,E,P,"Within the undergraduate/transfer universe, freshman credentials-based appeal is explicit but the FAQ limits appeals to freshmen while the catalog separately names transfer appeals with exclusions. Transfer evidence/record-update mechanics and complete coverage are not established. Retain broad undergraduate/transfer deployment and code partial coverage; missing graduate coverage is not the reason.",https://www.tarleton.edu/admissions/freshman-admissions-appeals/ ; https://catalog.tarleton.edu/admissions/,2026-09-25
A17,Tarleton State University,primary,L7,E,P,"Within the undergraduate/transfer universe, freshman credentials-based appeal is explicit but the FAQ limits appeals to freshmen while the catalog separately names transfer appeals with exclusions. Transfer evidence/record-update mechanics and complete coverage are not established. Retain broad undergraduate/transfer deployment and code partial coverage; missing graduate coverage is not the reason.",https://www.tarleton.edu/admissions/freshman-admissions-appeals/ ; https://catalog.tarleton.edu/admissions/,2026-09-25
A17,Tarleton State University,primary,L8,E,P,"Within the undergraduate/transfer universe, freshman credentials-based appeal is explicit but the FAQ limits appeals to freshmen while the catalog separately names transfer appeals with exclusions. Transfer evidence/record-update mechanics and complete coverage are not established. Retain broad undergraduate/transfer deployment and code partial coverage; missing graduate coverage is not the reason.",https://www.tarleton.edu/admissions/freshman-admissions-appeals/ ; https://catalog.tarleton.edu/admissions/,2026-09-25
A17,Tarleton State University,record_linked,L5,E,P,"Within the undergraduate/transfer universe, freshman credentials-based appeal is explicit but the FAQ limits appeals to freshmen while the catalog separately names transfer appeals with exclusions. Transfer evidence/record-update mechanics and complete coverage are not established. Retain broad undergraduate/transfer deployment and code partial coverage; missing graduate coverage is not the reason.",https://www.tarleton.edu/admissions/freshman-admissions-appeals/ ; https://catalog.tarleton.edu/admissions/,2026-09-25
A17,Tarleton State University,record_linked,L6,E,P,"Within the undergraduate/transfer universe, freshman credentials-based appeal is explicit but the FAQ limits appeals to freshmen while the catalog separately names transfer appeals with exclusions. Transfer evidence/record-update mechanics and complete coverage are not established. Retain broad undergraduate/transfer deployment and code partial coverage; missing graduate coverage is not the reason.",https://www.tarleton.edu/admissions/freshman-admissions-appeals/ ; https://catalog.tarleton.edu/admissions/,2026-09-25
A17,Tarleton State University,record_linked,L7,E,P,"Within the undergraduate/transfer universe, freshman credentials-based appeal is explicit but the FAQ limits appeals to freshmen while the catalog separately names transfer appeals with exclusions. Transfer evidence/record-update mechanics and complete coverage are not established. Retain broad undergraduate/transfer deployment and code partial coverage; missing graduate coverage is not the reason.",https://www.tarleton.edu/admissions/freshman-admissions-appeals/ ; https://catalog.tarleton.edu/admissions/,2026-09-25
A17,Tarleton State University,record_linked,L8,E,P,"Within the undergraduate/transfer universe, freshman credentials-based appeal is explicit but the FAQ limits appeals to freshmen while the catalog separately names transfer appeals with exclusions. Transfer evidence/record-update mechanics and complete coverage are not established. Retain broad undergraduate/transfer deployment and code partial coverage; missing graduate coverage is not the reason.",https://www.tarleton.edu/admissions/freshman-admissions-appeals/ ; https://catalog.tarleton.edu/admissions/,2026-09-25
A20,Oklahoma State University Institute of Technology,primary,L4,E,P,"The opened deployment case states automated feedback/audit controls, not explicit human correction or override. The accessible Fall 2023 official rights document pp13-15 supplies evidence, appeal, review and rescission for nonacademic denial, a limited related route. Its current applicability is not confirmed because the newer document was blocked.",https://ktechproducts.com/osuit-casestudy/ ; https://osuit.edu/site-files/documents/student-rights-fall-2023.pdf,2026-09-25
A20,Oklahoma State University Institute of Technology,primary,L5,NPD,P,"The opened deployment case states automated feedback/audit controls, not explicit human correction or override. The accessible Fall 2023 official rights document pp13-15 supplies evidence, appeal, review and rescission for nonacademic denial, a limited related route. Its current applicability is not confirmed because the newer document was blocked.",https://ktechproducts.com/osuit-casestudy/ ; https://osuit.edu/site-files/documents/student-rights-fall-2023.pdf,2026-09-25
A20,Oklahoma State University Institute of Technology,primary,L6,NPD,P,"The opened deployment case states automated feedback/audit controls, not explicit human correction or override. The accessible Fall 2023 official rights document pp13-15 supplies evidence, appeal, review and rescission for nonacademic denial, a limited related route. Its current applicability is not confirmed because the newer document was blocked.",https://ktechproducts.com/osuit-casestudy/ ; https://osuit.edu/site-files/documents/student-rights-fall-2023.pdf,2026-09-25
A20,Oklahoma State University Institute of Technology,primary,L7,NPD,P,"The opened deployment case states automated feedback/audit controls, not explicit human correction or override. The accessible Fall 2023 official rights document pp13-15 supplies evidence, appeal, review and rescission for nonacademic denial, a limited related route. Its current applicability is not confirmed because the newer document was blocked.",https://ktechproducts.com/osuit-casestudy/ ; https://osuit.edu/site-files/documents/student-rights-fall-2023.pdf,2026-09-25
A20,Oklahoma State University Institute of Technology,primary,L8,NPD,P,"The opened deployment case states automated feedback/audit controls, not explicit human correction or override. The accessible Fall 2023 official rights document pp13-15 supplies evidence, appeal, review and rescission for nonacademic denial, a limited related route. Its current applicability is not confirmed because the newer document was blocked.",https://ktechproducts.com/osuit-casestudy/ ; https://osuit.edu/site-files/documents/student-rights-fall-2023.pdf,2026-09-25
A20,Oklahoma State University Institute of Technology,record_linked,L5,NPD,P,"The opened deployment case states automated feedback/audit controls, not explicit human correction or override. The accessible Fall 2023 official rights document pp13-15 supplies evidence, appeal, review and rescission for nonacademic denial, a limited related route. Its current applicability is not confirmed because the newer document was blocked.",https://ktechproducts.com/osuit-casestudy/ ; https://osuit.edu/site-files/documents/student-rights-fall-2023.pdf,2026-09-25
A20,Oklahoma State University Institute of Technology,record_linked,L6,NPD,P,"The opened deployment case states automated feedback/audit controls, not explicit human correction or override. The accessible Fall 2023 official rights document pp13-15 supplies evidence, appeal, review and rescission for nonacademic denial, a limited related route. Its current applicability is not confirmed because the newer document was blocked.",https://ktechproducts.com/osuit-casestudy/ ; https://osuit.edu/site-files/documents/student-rights-fall-2023.pdf,2026-09-25
A20,Oklahoma State University Institute of Technology,record_linked,L7,NPD,P,"The opened deployment case states automated feedback/audit controls, not explicit human correction or override. The accessible Fall 2023 official rights document pp13-15 supplies evidence, appeal, review and rescission for nonacademic denial, a limited related route. Its current applicability is not confirmed because the newer document was blocked.",https://ktechproducts.com/osuit-casestudy/ ; https://osuit.edu/site-files/documents/student-rights-fall-2023.pdf,2026-09-25
A20,Oklahoma State University Institute of Technology,record_linked,L8,NPD,P,"The opened deployment case states automated feedback/audit controls, not explicit human correction or override. The accessible Fall 2023 official rights document pp13-15 supplies evidence, appeal, review and rescission for nonacademic denial, a limited related route. Its current applicability is not confirmed because the newer document was blocked.",https://ktechproducts.com/osuit-casestudy/ ; https://osuit.edu/site-files/documents/student-rights-fall-2023.pdf,2026-09-25
A21,NC State University,primary,L8,NPD,P,"The official test-score policy permits reconsideration after denial for applicants who previously omitted scores and states that a changed decision is unlikely, thereby contemplating possible change. Subgroup/stage limits support P, not E.",https://admissions.ncsu.edu/apply/first-year/test-score-consideration-in-admission-decisions/,2026-09-25
A21,NC State University,record_linked,L8,NPD,P,"The official test-score policy permits reconsideration after denial for applicants who previously omitted scores and states that a changed decision is unlikely, thereby contemplating possible change. Subgroup/stage limits support P, not E.",https://admissions.ncsu.edu/apply/first-year/test-score-consideration-in-admission-decisions/,2026-09-25
A22,Indiana University,primary,L4,E,P,"The institution-hosted Raptor page identifies staff quality assurance but does not explicitly state correction or override authority. Applying the same L4 rule used for OSUIT, quality assurance alone supports partial rather than explicit control.",https://vpsseie.iu.edu/strategic-areas/usi/raptor.html,2026-09-25
A26,National University of Singapore,primary,L5,E,P,The opened undergraduate appeals policy excludes Medicine/Dentistry applicants not previously shortlisted. The retained broad saraQ population cannot be shown to exclude that subgroup because the activation page is unavailable. This verified scope restriction supports P; inherited activation is retained without claiming fresh full verification.,https://www.nus.edu.sg/oam/admissions/appeals,2026-09-25
A26,National University of Singapore,primary,L6,E,P,The opened undergraduate appeals policy excludes Medicine/Dentistry applicants not previously shortlisted. The retained broad saraQ population cannot be shown to exclude that subgroup because the activation page is unavailable. This verified scope restriction supports P; inherited activation is retained without claiming fresh full verification.,https://www.nus.edu.sg/oam/admissions/appeals,2026-09-25
A26,National University of Singapore,primary,L7,E,P,The opened undergraduate appeals policy excludes Medicine/Dentistry applicants not previously shortlisted. The retained broad saraQ population cannot be shown to exclude that subgroup because the activation page is unavailable. This verified scope restriction supports P; inherited activation is retained without claiming fresh full verification.,https://www.nus.edu.sg/oam/admissions/appeals,2026-09-25
A26,National University of Singapore,primary,L8,E,P,The opened undergraduate appeals policy excludes Medicine/Dentistry applicants not previously shortlisted. The retained broad saraQ population cannot be shown to exclude that subgroup because the activation page is unavailable. This verified scope restriction supports P; inherited activation is retained without claiming fresh full verification.,https://www.nus.edu.sg/oam/admissions/appeals,2026-09-25
