stable_id,institution,query_order,checked_utc,query_record
A01,Molloy University,1,2026-09-25T20:11:49Z,"{""query"": ""Molloy University undergraduate admissions appeal reconsideration correction transcript"", ""status"": ""executed"", ""executed_utc_date"": ""2026-09-25"", ""selected_urls"": [""https://molloy.smartcatalogiq.com/en/2025-2026/undergraduate-catalog/academic-policies-and-procedures/grade-appeals"", ""https://www.molloy.edu/admissions-aid/""], ""disposition"": ""Results from the two uniform queries were screened together; selected official pages and exclusions are described in sources. Empty selection means no additional qualifying page was selected, not no search results.""}"
A01,Molloy University,2,2026-09-25T20:11:49Z,"{""query"": ""site:molloy.edu admissions appeal decision final policy"", ""status"": ""executed"", ""executed_utc_date"": ""2026-09-25"", ""selected_urls"": [""https://molloy.smartcatalogiq.com/en/2025-2026/undergraduate-catalog/academic-policies-and-procedures/grade-appeals""], ""disposition"": ""Results from the two uniform queries were screened together; selected official pages and exclusions are described in sources. Empty selection means no additional qualifying page was selected, not no search results.""}"
A01,Molloy University,3,2026-09-25T20:11:49Z,"{""query"": ""site:molloy.edu admissions artificial intelligence GPA"", ""status"": ""executed_function_specific_followup"", ""executed_utc_date"": ""2026-09-25"", ""reason"": ""The web reader failed on the inherited activation locator, leaving the transcript function and affected population unverified."", ""selected_urls"": []}"
A02,Stony Brook University,1,2026-09-25T20:11:49Z,"{""query"": ""Stony Brook University undergraduate admissions appeal reconsideration correction transcript"", ""status"": ""executed"", ""executed_utc_date"": ""2026-09-25"", ""selected_urls"": [""https://www.stonybrook.edu/undergraduate-admissions/first-year/""], ""disposition"": ""Results from the two uniform queries were screened together; selected official pages and exclusions are described in sources. Empty selection means no additional qualifying page was selected, not no search results.""}"
A02,Stony Brook University,2,2026-09-25T20:11:49Z,"{""query"": ""site:stonybrook.edu admissions appeal decision final policy"", ""status"": ""executed"", ""executed_utc_date"": ""2026-09-25"", ""selected_urls"": [""https://www.stonybrook.edu/undergraduate-admissions/first-year/""], ""disposition"": ""Results from the two uniform queries were screened together; selected official pages and exclusions are described in sources. Empty selection means no additional qualifying page was selected, not no search results.""}"
A03,Texas Tech University,1,2026-09-25T20:11:49Z,"{""query"": ""Texas Tech University undergraduate admissions appeal reconsideration correction transcript"", ""status"": ""executed"", ""executed_utc_date"": ""2026-09-25"", ""selected_urls"": [""https://www.depts.ttu.edu/admissions/reeval/""], ""disposition"": ""Results from the two uniform queries were screened together; selected official pages and exclusions are described in sources. Empty selection means no additional qualifying page was selected, not no search results.""}"
A03,Texas Tech University,2,2026-09-25T20:11:49Z,"{""query"": ""site:ttu.edu admissions appeal decision final policy"", ""status"": ""executed"", ""executed_utc_date"": ""2026-09-25"", ""selected_urls"": [""https://www.depts.ttu.edu/opmanual/OP34.01.php""], ""disposition"": ""Results from the two uniform queries were screened together; selected official pages and exclusions are described in sources. Empty selection means no additional qualifying page was selected, not no search results.""}"
A04,California Institute of Technology,1,2026-09-25T20:11:49Z,"{""query"": ""California Institute of Technology undergraduate admissions appeal reconsideration correction transcript"", ""status"": ""executed"", ""executed_utc_date"": ""2026-09-25"", ""selected_urls"": [""https://www.admissions.caltech.edu/visit/contact-us""], ""disposition"": ""Results from the two uniform queries were screened together; selected official pages and exclusions are described in sources. Empty selection means no additional qualifying page was selected, not no search results.""}"
A04,California Institute of Technology,2,2026-09-25T20:11:49Z,"{""query"": ""site:caltech.edu admissions appeal decision final policy"", ""status"": ""executed"", ""executed_utc_date"": ""2026-09-25"", ""selected_urls"": [], ""disposition"": ""Results from the two uniform queries were screened together; selected official pages and exclusions are described in sources. Empty selection means no additional qualifying page was selected, not no search results.""}"
A04,California Institute of Technology,3,2026-09-25T20:11:49Z,"{""query"": ""Caltech InitialView VIVA AI questions re-record review"", ""status"": ""executed_function_specific_followup"", ""executed_utc_date"": ""2026-09-25"", ""reason"": ""The first two queries and JavaScript-only inherited FAQ left the question-generation and repeat-recording scope unresolved."", ""selected_urls"": [""https://initialview.com/viva/terms-and-conditions/""]}"
A05,University of Oregon,1,2026-09-25T20:11:49Z,"{""query"": ""University of Oregon undergraduate admissions appeal reconsideration correction transcript"", ""status"": ""executed"", ""executed_utc_date"": ""2026-09-25"", ""selected_urls"": [""https://www.uoregon.edu/admissions/undergraduate/application-review/self-reported-transcript-stars/""], ""disposition"": ""Results from the two uniform queries were screened together; selected official pages and exclusions are described in sources. Empty selection means no additional qualifying page was selected, not no search results.""}"
A05,University of Oregon,2,2026-09-25T20:11:49Z,"{""query"": ""site:uoregon.edu admissions appeal decision final policy"", ""status"": ""executed"", ""executed_utc_date"": ""2026-09-25"", ""selected_urls"": [""https://registrar.uoregon.edu/privacy/education-records/processes-inspecting-and-reviewing-educational-records"", ""https://catalog.uoregon.edu/admissiontograduation/admissions/admissions.pdf""], ""disposition"": ""Results from the two uniform queries were screened together; selected official pages and exclusions are described in sources. Empty selection means no additional qualifying page was selected, not no search results.""}"
A06,University of Houston-Downtown,1,2026-09-25T20:11:49Z,"{""query"": ""University of Houston-Downtown undergraduate admissions appeal reconsideration correction transcript"", ""status"": ""executed"", ""executed_utc_date"": ""2026-09-25"", ""selected_urls"": [""https://www.uhd.edu/admissions/appeal/index.html""], ""disposition"": ""Results from the two uniform queries were screened together; selected official pages and exclusions are described in sources. Empty selection means no additional qualifying page was selected, not no search results.""}"
A06,University of Houston-Downtown,2,2026-09-25T20:11:49Z,"{""query"": ""site:uhd.edu admissions appeal decision final policy"", ""status"": ""executed"", ""executed_utc_date"": ""2026-09-25"", ""selected_urls"": [""https://www.uhd.edu/admissions/appeal/index.html""], ""disposition"": ""Results from the two uniform queries were screened together; selected official pages and exclusions are described in sources. Empty selection means no additional qualifying page was selected, not no search results.""}"
A07,Virginia Tech,1,2026-09-25T20:11:49Z,"{""query"": ""Virginia Tech undergraduate admissions appeal reconsideration correction transcript"", ""status"": ""executed"", ""executed_utc_date"": ""2026-09-25"", ""selected_urls"": [], ""disposition"": ""Results from the two uniform queries were screened together; selected official pages and exclusions are described in sources. Empty selection means no additional qualifying page was selected, not no search results.""}"
A07,Virginia Tech,2,2026-09-25T20:11:49Z,"{""query"": ""site:vt.edu admissions appeal decision final policy"", ""status"": ""executed"", ""executed_utc_date"": ""2026-09-25"", ""selected_urls"": [], ""disposition"": ""Results from the two uniform queries were screened together; selected official pages and exclusions are described in sources. Empty selection means no additional qualifying page was selected, not no search results.""}"
A07,Virginia Tech,3,2026-09-25T20:11:49Z,"{""query"": ""site:vt.edu admissions first-year appeal 30 days final denied"", ""status"": ""executed_function_specific_followup"", ""executed_utc_date"": ""2026-09-25"", ""reason"": ""The inherited appeal policy and decision FAQ present consequential scope conflict; an additional query sought an official reconciliation."", ""selected_urls"": []}"
A08,UNC-Chapel Hill,1,2026-09-25T20:11:49Z,"{""query"": ""UNC-Chapel Hill undergraduate admissions appeal reconsideration correction transcript"", ""status"": ""executed"", ""executed_utc_date"": ""2026-09-25"", ""selected_urls"": [""https://unc-public.courseleaf.com/admissions/undergraduate/""], ""disposition"": ""Results from the two uniform queries were screened together; selected official pages and exclusions are described in sources. Empty selection means no additional qualifying page was selected, not no search results.""}"
A08,UNC-Chapel Hill,2,2026-09-25T20:11:49Z,"{""query"": ""site:unc.edu admissions appeal decision final policy"", ""status"": ""executed"", ""executed_utc_date"": ""2026-09-25"", ""selected_urls"": [""https://catalog.unc.edu/admissions/undergraduate/""], ""disposition"": ""Results from the two uniform queries were screened together; selected official pages and exclusions are described in sources. Empty selection means no additional qualifying page was selected, not no search results.""}"
A09,Hope College,1,2026-09-25T20:11:49Z,"{""query"": ""Hope College undergraduate admissions appeal reconsideration correction transcript"", ""status"": ""executed"", ""executed_utc_date"": ""2026-09-25"", ""selected_urls"": [""https://www.hope.edu/offices/registrar/transcripts-verifications/transcripts.html""], ""disposition"": ""Results from the two uniform queries were screened together; selected official pages and exclusions are described in sources. Empty selection means no additional qualifying page was selected, not no search results.""}"
A09,Hope College,2,2026-09-25T20:11:49Z,"{""query"": ""site:hope.edu admissions appeal decision final policy"", ""status"": ""executed"", ""executed_utc_date"": ""2026-09-25"", ""selected_urls"": [""https://hope.edu/academics/education/student-teaching/resources/Appeals%20Process.pdf""], ""disposition"": ""Results from the two uniform queries were screened together; selected official pages and exclusions are described in sources. Empty selection means no additional qualifying page was selected, not no search results.""}"
A10,University of Texas at Austin,1,2026-09-25T20:11:49Z,"{""query"": ""University of Texas at Austin undergraduate admissions appeal reconsideration correction transcript"", ""status"": ""executed"", ""executed_utc_date"": ""2026-09-25"", ""selected_urls"": [""https://admissions.utexas.edu/apply/review-decision-process/appeals/""], ""disposition"": ""Results from the two uniform queries were screened together; selected official pages and exclusions are described in sources. Empty selection means no additional qualifying page was selected, not no search results.""}"
A10,University of Texas at Austin,2,2026-09-25T20:11:49Z,"{""query"": ""site:utexas.edu admissions appeal decision final policy"", ""status"": ""executed"", ""executed_utc_date"": ""2026-09-25"", ""selected_urls"": [""https://admissions.utexas.edu/apply/review-decision-process/appeals/""], ""disposition"": ""Results from the two uniform queries were screened together; selected official pages and exclusions are described in sources. Empty selection means no additional qualifying page was selected, not no search results.""}"
A11,Northern Arizona University,1,2026-09-25T20:11:49Z,"{""query"": ""Northern Arizona University undergraduate admissions appeal reconsideration correction transcript"", ""status"": ""executed"", ""executed_utc_date"": ""2026-09-25"", ""selected_urls"": [""https://legacy.nau.edu/wp-content/uploads/sites/6/nau-admissions-appeal-checklist.pdf""], ""disposition"": ""Results from the two uniform queries were screened together; selected official pages and exclusions are described in sources. Empty selection means no additional qualifying page was selected, not no search results.""}"
A11,Northern Arizona University,2,2026-09-25T20:11:49Z,"{""query"": ""site:nau.edu admissions appeal decision final policy"", ""status"": ""executed"", ""executed_utc_date"": ""2026-09-25"", ""selected_urls"": [""https://legacy.nau.edu/wp-content/uploads/sites/6/nau-admissions-appeal-checklist.pdf""], ""disposition"": ""Results from the two uniform queries were screened together; selected official pages and exclusions are described in sources. Empty selection means no additional qualifying page was selected, not no search results.""}"
A11,Northern Arizona University,3,2026-09-25T20:11:49Z,"{""query"": ""site:nau.edu admissions appeal checklist denied admission"", ""status"": ""executed_function_specific_followup"", ""executed_utc_date"": ""2026-09-25"", ""reason"": ""The inherited checklist returned an inconsistent cached-open report and then live 404, leaving current transfer-population recourse unresolved."", ""selected_urls"": [""https://legacy.nau.edu/wp-content/uploads/sites/6/nau-admissions-appeal-checklist.pdf"", ""https://archive.library.nau.edu/digital/api/collection/nauarch/id/19355/download""]}"
A12,Georgia State University,1,2026-09-25T20:10:00Z,"{""query"": ""Georgia State University undergraduate admissions appeal reconsideration correction transcript"", ""status"": ""executed"", ""executed_utc_date"": ""2026-09-25"", ""selected_urls"": [""https://admissions.gsu.edu/bachelors-degree/apply/high-school/?applicantspecialty=freshman-applicants"", ""https://admissions.gsu.edu/kb/updating-your-application/"", ""https://www.usg.edu/legal/discretionary-review/""], ""disposition"": ""Relevant sources selected from combined multi-query results; the tool did not attribute each returned hit to an individual query.""}"
A12,Georgia State University,2,2026-09-25T20:10:00Z,"{""query"": ""site:gsu.edu admissions appeal decision final policy"", ""status"": ""executed"", ""executed_utc_date"": ""2026-09-25"", ""selected_urls"": [""https://admissions.gsu.edu/bachelors-degree/apply/high-school/?applicantspecialty=freshman-applicants"", ""https://admissions.gsu.edu/kb/updating-your-application/"", ""https://www.usg.edu/legal/discretionary-review/""], ""disposition"": ""Relevant official sources inspected as recorded below; mismatched universities and unrelated student appeals not generalized.""}"
A12,Georgia State University,3,2026-09-25T20:10:00Z,"{""query"": ""Georgia State University Parchment Data Automation undergraduate graduate transcript admissions"", ""status"": ""executed"", ""executed_utc_date"": ""2026-09-25"", ""selected_urls"": [""https://www.parchment.com/events-webinars/data-automation-banner-transforming-transcript-processing-at-georgia-state-university/"", ""https://www.parchment.com/platform/higher-education/receive-data-automation/"", ""https://admissions.gsu.edu/bachelors-degree/apply/high-school/?applicantspecialty=freshman-applicants"", ""https://admissions.gsu.edu/kb/updating-your-application/"", ""https://www.usg.edu/legal/discretionary-review/""], ""reason"": ""Activation page does not delimit applicant level; determine whether undergraduate appeal scope covers deployment."", ""disposition"": ""Single additional function/scope query; selected URLs also include directly linked corroboration and official replacement pages.""}"
A13,Miami University,1,2026-09-25T20:10:00Z,"{""query"": ""Miami University undergraduate admissions appeal reconsideration correction transcript"", ""status"": ""executed"", ""executed_utc_date"": ""2026-09-25"", ""selected_urls"": [""https://miamioh.edu/admission-aid/apply/first-year-students/""], ""disposition"": ""Relevant sources selected from combined multi-query results; the tool did not attribute each returned hit to an individual query.""}"
A13,Miami University,2,2026-09-25T20:10:00Z,"{""query"": ""site:miamioh.edu admissions appeal decision final policy"", ""status"": ""executed"", ""executed_utc_date"": ""2026-09-25"", ""selected_urls"": [""https://miamioh.edu/admission-aid/apply/first-year-students/""], ""disposition"": ""Relevant official sources inspected as recorded below; mismatched universities and unrelated student appeals not generalized.""}"
A13,Miami University,3,2026-09-25T20:10:00Z,"{""query"": ""site:miamioh.edu transcript Parchment admissions appeal correction"", ""status"": ""executed"", ""executed_utc_date"": ""2026-09-25"", ""selected_urls"": [""https://www.parchment.com/en-au/events-webinars/data-automation-slate-2-admissions-teams-transforming-transcript-processing-webinar/"", ""https://miamioh.edu/admission-aid/apply/first-year-students/""], ""reason"": ""Broad query returned University of Miami false positives; check transcript-specific correction for Miami University Ohio."", ""disposition"": ""Single additional function/scope query; selected URLs also include directly linked corroboration and official replacement pages.""}"
A14,University of Texas at Tyler,1,2026-09-25T20:10:00Z,"{""query"": ""University of Texas at Tyler undergraduate admissions appeal reconsideration correction transcript"", ""status"": ""executed"", ""executed_utc_date"": ""2026-09-25"", ""selected_urls"": [""https://www.uttyler.edu/admissions-aid/first-year/freshman-requirements/"", ""https://uttyler.smartcatalogiq.com/en/2026-2027/catalog/undergraduate-admissions-and-enrollment/undergraduate-admission-requirements/appealing-an-admission-decision"", ""https://www.uttyler.edu/admissions-aid/files/files/ut%20tyler-admissions-policy.pdf""], ""disposition"": ""Relevant sources selected from combined multi-query results; the tool did not attribute each returned hit to an individual query.""}"
A14,University of Texas at Tyler,2,2026-09-25T20:10:00Z,"{""query"": ""site:uttyler.edu admissions appeal decision final policy"", ""status"": ""executed"", ""executed_utc_date"": ""2026-09-25"", ""selected_urls"": [""https://www.uttyler.edu/admissions-aid/first-year/freshman-requirements/"", ""https://uttyler.smartcatalogiq.com/en/2026-2027/catalog/undergraduate-admissions-and-enrollment/undergraduate-admission-requirements/appealing-an-admission-decision"", ""https://www.uttyler.edu/admissions-aid/files/files/ut%20tyler-admissions-policy.pdf""], ""disposition"": ""Relevant official sources inspected as recorded below; mismatched universities and unrelated student appeals not generalized.""}"
A14,University of Texas at Tyler,3,2026-09-25T20:10:00Z,"{""query"": ""University of Texas at Tyler Sia transcript processing undergraduate graduate admissions"", ""status"": ""executed"", ""executed_utc_date"": ""2026-09-25"", ""selected_urls"": [""https://aacrao.secure-platform.com/a/gallery/rounds/116/details/31747"", ""https://www.uttyler.edu/admissions-aid/first-year/freshman-requirements/"", ""https://uttyler.smartcatalogiq.com/en/2026-2027/catalog/undergraduate-admissions-and-enrollment/undergraduate-admission-requirements/appealing-an-admission-decision"", ""https://www.uttyler.edu/admissions-aid/files/files/ut%20tyler-admissions-policy.pdf""], ""reason"": ""AACRAO activation does not delimit the deployed population; test whether broader admissions appeal policy closes scope."", ""disposition"": ""Single additional function/scope query; selected URLs also include directly linked corroboration and official replacement pages.""}"
A15,Illinois Institute of Technology,1,2026-09-25T20:10:00Z,"{""query"": ""Illinois Institute of Technology undergraduate admissions appeal reconsideration correction transcript"", ""status"": ""executed"", ""executed_utc_date"": ""2026-09-25"", ""selected_urls"": [""https://catalog.iit.edu/undergraduate/undergraduate-admission/"", ""https://catalog.iit.edu/undergraduate/academic-policies-procedures/petitions/""], ""disposition"": ""Relevant sources selected from combined multi-query results; the tool did not attribute each returned hit to an individual query.""}"
A15,Illinois Institute of Technology,2,2026-09-25T20:10:00Z,"{""query"": ""site:iit.edu admissions appeal decision final policy"", ""status"": ""executed"", ""executed_utc_date"": ""2026-09-25"", ""selected_urls"": [""https://catalog.iit.edu/undergraduate/undergraduate-admission/"", ""https://catalog.iit.edu/undergraduate/academic-policies-procedures/petitions/""], ""disposition"": ""Relevant official sources inspected as recorded below; mismatched universities and unrelated student appeals not generalized.""}"
A15,Illinois Institute of Technology,3,2026-09-25T20:10:00Z,"{""query"": ""Illinois Institute of Technology AI powered admissions transcript processing EDUCAUSE 2025"", ""status"": ""executed"", ""executed_utc_date"": ""2026-09-25"", ""selected_urls"": [""https://events.educause.edu/annual-conference/2025/agenda/aipowered-admissions-transcript-processing-as-a-catalyst-for-data-transformation"", ""https://catalog.iit.edu/undergraduate/undergraduate-admission/"", ""https://catalog.iit.edu/undergraduate/academic-policies-procedures/petitions/""], ""reason"": ""Inherited activation URL failed repeatedly; locate an accessible official source or indexed text for activation scope."", ""disposition"": ""Single additional function/scope query; selected URLs also include directly linked corroboration and official replacement pages.""}"
A16,Xavier University of Louisiana,1,2026-09-25T20:10:00Z,"{""query"": ""Xavier University of Louisiana undergraduate admissions appeal reconsideration correction transcript"", ""status"": ""executed"", ""executed_utc_date"": ""2026-09-25"", ""selected_urls"": [""https://www.xula.edu/admissions/undergraduate-admission/firsttimefreshmen/"", ""https://www.xula.edu/assets/academicappealform_cas.pdf"", ""https://admissions.xula.edu/apply/""], ""disposition"": ""Relevant sources selected from combined multi-query results; the tool did not attribute each returned hit to an individual query.""}"
A16,Xavier University of Louisiana,2,2026-09-25T20:10:00Z,"{""query"": ""site:xula.edu admissions appeal decision final policy"", ""status"": ""executed"", ""executed_utc_date"": ""2026-09-25"", ""selected_urls"": [""https://www.xula.edu/admissions/undergraduate-admission/firsttimefreshmen/"", ""https://www.xula.edu/assets/academicappealform_cas.pdf"", ""https://admissions.xula.edu/apply/""], ""disposition"": ""Relevant official sources inspected as recorded below; mismatched universities and unrelated student appeals not generalized.""}"
A17,Tarleton State University,1,2026-09-25T20:10:00Z,"{""query"": ""Tarleton State University undergraduate admissions appeal reconsideration correction transcript"", ""status"": ""executed"", ""executed_utc_date"": ""2026-09-25"", ""selected_urls"": [""https://www.tarleton.edu/admissions/freshman-admissions-appeals/"", ""https://catalog.tarleton.edu/admissions/"", ""https://tarleton-public.courseleaf.com/admissions/""], ""disposition"": ""Relevant sources selected from combined multi-query results; the tool did not attribute each returned hit to an individual query.""}"
A17,Tarleton State University,2,2026-09-25T20:10:00Z,"{""query"": ""site:tarleton.edu admissions appeal decision final policy"", ""status"": ""executed"", ""executed_utc_date"": ""2026-09-25"", ""selected_urls"": [""https://www.tarleton.edu/admissions/freshman-admissions-appeals/"", ""https://catalog.tarleton.edu/admissions/"", ""https://tarleton-public.courseleaf.com/admissions/""], ""disposition"": ""Relevant official sources inspected as recorded below; mismatched universities and unrelated student appeals not generalized.""}"
A17,Tarleton State University,3,2026-09-25T20:10:00Z,"{""query"": ""Tarleton State University DigiScript graduate transfer admissions appeal decision policy"", ""status"": ""executed"", ""executed_utc_date"": ""2026-09-25"", ""selected_urls"": [""https://www.tarleton.edu/news/automation-tool-expedites-tarleton-state-admissions-processing/"", ""https://www.tarleton.edu/admissions/freshman-admissions-appeals/"", ""https://catalog.tarleton.edu/admissions/"", ""https://tarleton-public.courseleaf.com/admissions/""], ""reason"": ""Activation explicitly includes graduate and transfer transcripts while inherited route is labeled freshman-only."", ""disposition"": ""Single additional function/scope query; selected URLs also include directly linked corroboration and official replacement pages.""}"
A18,Clemson University,1,2026-09-25T20:10:00Z,"{""query"": ""Clemson University undergraduate admissions appeal reconsideration correction transcript"", ""status"": ""executed"", ""executed_utc_date"": ""2026-09-25"", ""selected_urls"": [""https://www.clemson.edu/admissions/undergraduate-admissions/apply/appeals.html""], ""disposition"": ""Relevant sources selected from combined multi-query results; the tool did not attribute each returned hit to an individual query.""}"
A18,Clemson University,2,2026-09-25T20:10:00Z,"{""query"": ""site:clemson.edu admissions appeal decision final policy"", ""status"": ""executed"", ""executed_utc_date"": ""2026-09-25"", ""selected_urls"": [""https://www.clemson.edu/admissions/undergraduate-admissions/apply/appeals.html""], ""disposition"": ""Relevant official sources inspected as recorded below; mismatched universities and unrelated student appeals not generalized.""}"
A18,Clemson University,3,2026-09-25T20:10:00Z,"{""query"": ""Clemson STARS EasyImport artificial intelligence OCR"", ""status"": ""executed"", ""executed_utc_date"": ""2026-09-25"", ""selected_urls"": [""https://www.clemson.edu/admissions/undergraduate-admissions/apply/stars.html"", ""https://starsrecord.zendesk.com/hc/en-us/articles/40276594278299-STARS-EasyImport-AI-OCR-Availability"", ""https://www.clemson.edu/admissions/undergraduate-admissions/apply/appeals.html""], ""reason"": ""Verify technical AI attribution for named EasyImport feature rather than STARS generally."", ""disposition"": ""Single additional function/scope query; selected URLs also include directly linked corroboration and official replacement pages.""}"
A20,Oklahoma State University Institute of Technology,1,2026-09-25T20:10:00Z,"{""query"": ""Oklahoma State University Institute of Technology undergraduate admissions appeal reconsideration correction transcript"", ""status"": ""executed"", ""executed_utc_date"": ""2026-09-25"", ""selected_urls"": [""https://osuit.edu/admissions/admission-requirements"", ""https://osuit.edu/academics/registrar/academic-performance-policy"", ""https://osuit.edu/student-life/files/fall-24-students-rights-responsibilities.pdf"", ""https://osuit.edu/site-files/documents/student-rights-fall-2023.pdf""], ""disposition"": ""Relevant sources selected from combined multi-query results; the tool did not attribute each returned hit to an individual query.""}"
A20,Oklahoma State University Institute of Technology,2,2026-09-25T20:10:00Z,"{""query"": ""site:osuit.edu admissions appeal decision final policy"", ""status"": ""executed"", ""executed_utc_date"": ""2026-09-25"", ""selected_urls"": [""https://osuit.edu/admissions/admission-requirements"", ""https://osuit.edu/academics/registrar/academic-performance-policy"", ""https://osuit.edu/student-life/files/fall-24-students-rights-responsibilities.pdf"", ""https://osuit.edu/site-files/documents/student-rights-fall-2023.pdf""], ""disposition"": ""Relevant official sources inspected as recorded below; mismatched universities and unrelated student appeals not generalized.""}"
A20,Oklahoma State University Institute of Technology,3,2026-09-25T20:10:00Z,"{""query"": ""Oklahoma State University Institute Technology DigiScript transcript nonacademic admissions appeal"", ""status"": ""executed"", ""executed_utc_date"": ""2026-09-25"", ""selected_urls"": [""https://ktechproducts.com/osuit-casestudy/"", ""https://osuit.edu/admissions/admission-requirements"", ""https://osuit.edu/academics/registrar/academic-performance-policy"", ""https://osuit.edu/student-life/files/fall-24-students-rights-responsibilities.pdf"", ""https://osuit.edu/site-files/documents/student-rights-fall-2023.pdf""], ""reason"": ""Required queries located nonacademic admissions appeals; distinguish their scope from transcript-processing consequences and recover activation."", ""disposition"": ""Single additional function/scope query; selected URLs also include directly linked corroboration and official replacement pages.""}"
A21,NC State University,1,2026-09-25T20:10:00Z,"{""query"": ""NC State University undergraduate admissions appeal reconsideration correction transcript"", ""status"": ""executed"", ""executed_utc_date"": ""2026-09-25"", ""selected_urls"": [""https://admissions.ncsu.edu/apply/first-year/test-score-consideration-in-admission-decisions/"", ""https://admissions.ncsu.edu/connect/"", ""https://registrar.ncsu.edu/operations/degree-audit-and-transfer-credit/"", ""https://admissions.ncsu.edu/connect/frequently-asked-questions/""], ""disposition"": ""Relevant sources selected from combined multi-query results; the tool did not attribute each returned hit to an individual query.""}"
A21,NC State University,2,2026-09-25T20:10:00Z,"{""query"": ""site:ncsu.edu admissions appeal decision final policy"", ""status"": ""executed"", ""executed_utc_date"": ""2026-09-25"", ""selected_urls"": [""https://admissions.ncsu.edu/apply/first-year/test-score-consideration-in-admission-decisions/"", ""https://admissions.ncsu.edu/connect/"", ""https://registrar.ncsu.edu/operations/degree-audit-and-transfer-credit/"", ""https://admissions.ncsu.edu/connect/frequently-asked-questions/""], ""disposition"": ""Relevant official sources inspected as recorded below; mismatched universities and unrelated student appeals not generalized.""}"
A22,Indiana University,1,2026-09-25T20:10:00Z,"{""query"": ""Indiana University undergraduate admissions appeal reconsideration correction transcript"", ""status"": ""executed"", ""executed_utc_date"": ""2026-09-25"", ""selected_urls"": [""https://www.policy.iu.edu/policies/bot-22-establishing-campus-admission-policies/index.html""], ""disposition"": ""Relevant sources selected from combined multi-query results; the tool did not attribute each returned hit to an individual query.""}"
A22,Indiana University,2,2026-09-25T20:10:00Z,"{""query"": ""site:iu.edu admissions appeal decision final policy"", ""status"": ""executed"", ""executed_utc_date"": ""2026-09-25"", ""selected_urls"": [""https://www.policy.iu.edu/policies/bot-22-establishing-campus-admission-policies/index.html""], ""disposition"": ""Relevant official sources inspected as recorded below; mismatched universities and unrelated student appeals not generalized.""}"
A22,Indiana University,3,2026-09-25T20:10:00Z,"{""query"": ""Indiana University Raptor undergraduate admissions denial reconsideration campus appeal"", ""status"": ""executed"", ""executed_utc_date"": ""2026-09-25"", ""selected_urls"": [""https://vpsseie.iu.edu/strategic-areas/usi/raptor.html"", ""https://www.policy.iu.edu/policies/bot-22-establishing-campus-admission-policies/index.html""], ""reason"": ""Raptor spans undergraduate transcript populations; test whether campus-specific appeals close general policy's later-date reconsideration ambiguity."", ""disposition"": ""Single additional function/scope query; selected URLs also include directly linked corroboration and official replacement pages.""}"
A23,University of Pennsylvania,1,2026-09-25T20:10:00Z,"{""query"": ""University of Pennsylvania undergraduate admissions appeal reconsideration correction transcript"", ""status"": ""executed"", ""executed_utc_date"": ""2026-09-25"", ""selected_urls"": [""https://admissions.upenn.edu/how-to-apply/for-applicants"", ""https://admissions.upenn.edu/how-to-apply/preparing-your-application/submission-guidelines""], ""disposition"": ""Relevant sources selected from combined multi-query results; the tool did not attribute each returned hit to an individual query.""}"
A23,University of Pennsylvania,2,2026-09-25T20:10:00Z,"{""query"": ""site:upenn.edu admissions appeal decision final policy"", ""status"": ""executed"", ""executed_utc_date"": ""2026-09-25"", ""selected_urls"": [""https://admissions.upenn.edu/how-to-apply/for-applicants"", ""https://admissions.upenn.edu/how-to-apply/preparing-your-application/submission-guidelines""], ""disposition"": ""Relevant official sources inspected as recorded below; mismatched universities and unrelated student appeals not generalized.""}"
A24,University of Georgia,1,2026-09-25T20:10:04Z,"{""query"": ""University of Georgia undergraduate admissions appeal reconsideration correction transcript"", ""status"": ""executed; official-result selection from shared two-query result batch"", ""selected_urls"": [""https://admissions.uga.edu/admissions/first-year/first-year-faq/"", ""https://admissions.uga.edu/conduct/""]}"
A24,University of Georgia,2,2026-09-25T20:10:04Z,"{""query"": ""site:uga.edu admissions appeal decision final policy"", ""status"": ""executed; official-result selection from shared two-query result batch"", ""selected_urls"": [""https://admissions.uga.edu/conduct/""]}"
A25,University of Minnesota Twin Cities,1,2026-09-25T20:10:04Z,"{""query"": ""University of Minnesota Twin Cities undergraduate admissions appeal reconsideration correction transcript"", ""status"": ""executed; official-result selection from shared two-query result batch"", ""selected_urls"": [""https://admissions.tc.umn.edu/hs-counselor-guidebook/senior-year-grades-policy""]}"
A25,University of Minnesota Twin Cities,2,2026-09-25T20:10:04Z,"{""query"": ""site:umn.edu admissions appeal decision final policy"", ""status"": ""executed; official-result selection from shared two-query result batch"", ""selected_urls"": [""https://admissions.tc.umn.edu/hs-counselor-guidebook/senior-year-grades-policy""]}"
A25,University of Minnesota Twin Cities,3,2026-09-25T20:10:04Z,"{""query"": ""site:umn.edu STARS EasyImport artificial intelligence transcript"", ""status"": ""executed additional function-specific query: clarify whether current institutional STARS page still identifies the import feature; no additional pertinent result returned"", ""selected_urls"": []}"
A26,National University of Singapore,1,2026-09-25T20:10:04Z,"{""query"": ""National University of Singapore undergraduate admissions appeal reconsideration correction transcript"", ""status"": ""executed; official-result selection from shared two-query result batch"", ""selected_urls"": [""https://www.nus.edu.sg/oam/admissions/appeals""]}"
A26,National University of Singapore,2,2026-09-25T20:10:04Z,"{""query"": ""site:nus.edu.sg admissions appeal decision final policy"", ""status"": ""executed; official-result selection from shared two-query result batch"", ""selected_urls"": [""https://nus.edu.sg/oam/docs/default-source/international-baccalaureate/faqs-for-international-baccalaureate.pdf?sfvrsn=37e7aa40_37""]}"
A26,National University of Singapore,3,2026-09-25T20:10:04Z,"{""query"": ""site:nus.edu.sg saraQ short response scoring appeal"", ""status"": ""executed additional function-specific query: activation URL inaccessible and scoring-population/appeal linkage unresolved"", ""selected_urls"": [""https://nusit.nus.edu.sg/report-card-2025/2025/08/18/ai-know-oam-saraq/""]}"
A27,RMIT University,1,2026-09-25T20:10:04Z,"{""query"": ""RMIT University undergraduate admissions appeal reconsideration correction transcript"", ""status"": ""executed; official-result selection from shared two-query result batch"", ""selected_urls"": [""https://www.rmit.edu.au/study-with-us/applying-to-rmit/local-student-applications/entry-requirements/admissions-transparency""]}"
A27,RMIT University,2,2026-09-25T20:10:04Z,"{""query"": ""site:rmit.edu.au admissions appeal decision final policy"", ""status"": ""executed; official-result selection from shared two-query result batch"", ""selected_urls"": [""https://policies.rmit.edu.au/document/view.php?id=135""]}"
A28,Queen's University Belfast,1,2026-09-25T20:10:04Z,"{""query"": ""Queen's University Belfast undergraduate admissions appeal reconsideration correction transcript"", ""status"": ""executed; official-result selection from shared two-query result batch"", ""selected_urls"": [""https://www.qub.ac.uk/Study/Undergraduate/How-to-apply/information-advice/""]}"
A28,Queen's University Belfast,2,2026-09-25T20:10:04Z,"{""query"": ""site:qub.ac.uk admissions appeal decision final policy"", ""status"": ""executed; official-result selection from shared two-query result batch"", ""selected_urls"": [""https://www.qub.ac.uk/directorates/MRCI/admissions/FileStore/Filetoupload%2C639139%2Cen.pdf""]}"
A28,Queen's University Belfast,3,2026-09-25T20:10:04Z,"{""query"": ""site:qub.ac.uk AI admissions transcript digital transformation undergraduate postgraduate"", ""status"": ""executed additional function-specific query: clarify deployment population after both inherited pages were blocked"", ""selected_urls"": [""https://www.qub.ac.uk/sites/StaffGateway/News/NewsArchive/2026/TranscriptDigitalTransformationUniversityAdmissions.html"", ""https://www.qub.ac.uk/directorates/InformationServices/digital-transformation/queens-portal/ams/""]}"
A29,Anglia Ruskin University,1,2026-09-25T20:10:04Z,"{""query"": ""Anglia Ruskin University undergraduate admissions appeal reconsideration correction transcript"", ""status"": ""executed; official-result selection from shared two-query result batch"", ""selected_urls"": [""https://www.aru.ac.uk/study/admissions/admissions-complaints-and-appeals-procedure""]}"
A29,Anglia Ruskin University,2,2026-09-25T20:10:04Z,"{""query"": ""site:aru.ac.uk admissions appeal decision final policy"", ""status"": ""executed; official-result selection from shared two-query result batch"", ""selected_urls"": [""https://www.aru.ac.uk/study/admissions/admissions-complaints-and-appeals-procedure""]}"
A30,University of Connecticut,1,2026-09-25T20:10:04Z,"{""query"": ""University of Connecticut undergraduate admissions appeal reconsideration correction transcript"", ""status"": ""executed; official-result selection from shared two-query result batch"", ""selected_urls"": [""https://admissions.uconn.edu/apply/first-year/appeal/""]}"
A30,University of Connecticut,2,2026-09-25T20:10:04Z,"{""query"": ""site:uconn.edu admissions appeal decision final policy"", ""status"": ""executed; official-result selection from shared two-query result batch"", ""selected_urls"": [""https://admissions.uconn.edu/apply/first-year/appeal/""]}"
A31,University of Massachusetts Amherst,1,2026-09-25T20:10:04Z,"{""query"": ""University of Massachusetts Amherst undergraduate admissions appeal reconsideration correction transcript"", ""status"": ""executed; official-result selection from shared two-query result batch"", ""selected_urls"": [""https://www.umass.edu/admissions/appeals-policy"", ""https://www.umass.edu/admissions/apply/admission-decision""]}"
A31,University of Massachusetts Amherst,2,2026-09-25T20:10:04Z,"{""query"": ""site:umass.edu admissions appeal decision final policy"", ""status"": ""executed; official-result selection from shared two-query result batch"", ""selected_urls"": [""https://www.umass.edu/admissions/appeals-policy""]}"
A32,University of Waterloo,1,2026-09-25T20:10:04Z,"{""query"": ""University of Waterloo undergraduate admissions appeal reconsideration correction transcript"", ""status"": ""executed; official-result selection from shared two-query result batch"", ""selected_urls"": [""https://uwaterloo.ca/future-students/applicants/special-consideration"", ""https://uwaterloo.ca/future-students/admissions/required-documents""]}"
A32,University of Waterloo,2,2026-09-25T20:10:04Z,"{""query"": ""site:uwaterloo.ca admissions appeal decision final policy"", ""status"": ""executed; official-result selection from shared two-query result batch"", ""selected_urls"": [""https://uwaterloo.ca/secretariat/policies-procedures-guidelines/policy-72""]}"
A33,Western Governors University,1,2026-09-25T20:10:04Z,"{""query"": ""Western Governors University undergraduate admissions appeal reconsideration correction transcript"", ""status"": ""executed; official-result selection from shared two-query result batch"", ""selected_urls"": [""https://www.wgu.edu/admissions/transfers/wgu-transcript-request/exclusion-appeal.html""]}"
A33,Western Governors University,2,2026-09-25T20:10:04Z,"{""query"": ""site:wgu.edu admissions appeal decision final policy"", ""status"": ""executed; official-result selection from shared two-query result batch"", ""selected_urls"": [""https://www.wgu.edu/admissions/transfers/wgu-transcript-request/exclusion-appeal.html""]}"
A33,Western Governors University,3,2026-09-25T20:10:04Z,"{""query"": ""site:wgu.edu transfer credit evaluation appeal amended award undergraduate policy"", ""status"": ""executed additional function-specific query: determine whether the written appeal outcome explicitly authorizes an amended credit disposition"", ""selected_urls"": [""https://cm.wgu.edu/t5/WGU-Student-Policy-Handbook/tkb-p/studentpolicyhandbook/label-name/transfer%20credit%20evaluation?sort_by=views"", ""https://www.wgu.edu/partnerships/penn-state-transfer.html""]}"
A34,University of Houston,1,2026-09-25T20:10:04Z,"{""query"": ""University of Houston undergraduate admissions appeal reconsideration correction transcript"", ""status"": ""executed; official-result selection from shared two-query result batch"", ""selected_urls"": [""https://uh.edu/undergraduate-admissions/apply/incoming-freshman/freshman-appeals/index"", ""https://www.uh.edu/undergraduate-admissions/resources/undergraduate-faqs/""]}"
A34,University of Houston,2,2026-09-25T20:10:04Z,"{""query"": ""site:uh.edu admissions appeal decision final policy"", ""status"": ""executed; official-result selection from shared two-query result batch"", ""selected_urls"": [""https://www.uh.edu/undergraduate-admissions/resources/undergraduate-faqs/""]}"
A34,University of Houston,3,2026-09-25T20:10:04Z,"{""query"": ""site:uh.edu Raptor transcript admissions appeal spring architecture"", ""status"": ""executed additional function-specific query: resolve whether FAQ programme/term exclusions remove university-level academic-record reconsideration"", ""selected_urls"": [""https://www.uh.edu/architecture/future-students/undergraduate/admissions/international-students/""]}"
