stable_id,institution,source_order,url,role,status,page_date,excerpt,interpretation,checked_utc
A01,Molloy University,1,https://www.molloy.edu/admissions-aid/first-year-admissions/faqs,inherited activation,accessible_direct_http_after_web_fetch_error,Not stated,Molloy also employs AI in the transcript review process,"The institution describes transcript AI and admissions counsellors' holistic review. The named function is processing, not an autonomous admission decision. Direct HTTPS returned 200 and the relevant page text was read.",2026-09-25T20:11:49Z
A01,Molloy University,2,https://www.molloy.edu/admissions-aid/,new official admissions context,accessible,Not stated,conducting a holistic review of your application materials,Identifies the admissions team and first-year/transfer routes; does not state a correction or challenge procedure.,2026-09-25T20:11:49Z
A01,Molloy University,3,https://molloy.smartcatalogiq.com/en/2025-2026/undergraduate-catalog/academic-policies-and-procedures/grade-appeals,search result excluded for population,accessible,2025–2026 catalogue,Students may appeal a grade if there is evidence of a procedural error,This course-grading procedure applies to enrolled students' assessed academic work. It does not establish an undergraduate admissions appeal.,2026-09-25T20:11:49Z
A02,Stony Brook University,1,https://www.edvisorly.com/case-study/innovation-at-scale-how-stony-brook-university-is-redefining-admissions-with-eddyai,inherited activation,accessible,Not stated,automated over 60% of Stony Brook's high school transcript review,"Named admissions officials describe operational transcript extraction, GPA recalculation and human holistic application review. Provider hosting keeps L1=P.",2026-09-25T20:11:49Z
A02,Stony Brook University,2,https://www.stonybrook.edu/commcms/university-honors-programs/admissions.php,inherited recourse; excluded from general admission coverage,accessible,Not stated,Students must first be admitted to Stony Brook University,"Honors applicants can appeal using substantive new information and supporting documents, but this is a distinct selection stage after university admission. It does not establish recourse from general first-year denial.",2026-09-25T20:11:49Z
A02,Stony Brook University,3,https://www.stonybrook.edu/undergraduate-admissions/first-year/,new official population and decision context,accessible,Not stated,Your honors program consideration does not affect your admission decision.,"Confirms separation between university admission and honors selection. Supplementary document uploads are part of completing the application, not a specified error correction or denial appeal. AI-detector disclosure for Creative Writing is a different function and cannot upgrade transcript-function L1.",2026-09-25T20:11:49Z
A03,Texas Tech University,1,https://www.edvisorly.com/case-study/texas-tech-university-expands-access-and-opportunity-with-eddyai,inherited activation,accessible,Not stated,"EddyAI™ processed and verified transcripts from over 1,752 unique high schools","The operative case concerns high-school GPA recalculation and admissions/scholarship assessment. The page separately mentions prior transfer-recruitment technology; that is not proof that this EddyAI deployment covers all transfer processing. Manual checking is described, but explicit correction authority is not.",2026-09-25T20:11:49Z
A03,Texas Tech University,2,https://www.depts.ttu.edu/admissions/reeval/,inherited recourse,accessible,"Footer modification date: March 17, 2026",Applicants who are not fully admitted can request re-evaluation once per application term.,"The page covers first-time freshmen and transfer applicants, with improved credentials and supporting uploads as prerequisites. It names a portal route and expected decision timing.",2026-09-25T20:11:49Z
A03,Texas Tech University,3,https://www.depts.ttu.edu/opmanual/OP34.01.php,inherited follow-up; remedy,accessible,"November 4, 2025; test-optional end-date amendment December 19, 2025","After holistic review, students may or may not be granted admission to the university.","Section 5(b)(2) explicitly connects improved tests, class-rank transcripts or completed dual-credit work to re-evaluation and a possible admission offer. The broad re-evaluation page supports overlap with first-year applicants; operational deployment remains bounded to documented high-school processing.",2026-09-25T20:11:49Z
A04,California Institute of Technology,1,https://www.admissions.caltech.edu/apply/first-year-applicants/supplemental-materials/research-papers-and-publications,inherited activation,accessible,Not stated,You will also be encouraged to submit a VIVA,The institution specifically identifies InitialView VIVA for first-year research supplements and says it is recommended rather than required. Its named-feature disclosure plus technical provider documentation satisfies unchanged L1.,2026-09-25T20:11:49Z
A04,California Institute of Technology,2,https://initialview.com/viva/faqs,inherited recourse,accessible_browser_after_javascript_only_web_response,Not stated,we will take a look,"Browser-rendered FAQ permits reporting strange or unrelated generated questions after completing VIVA or by email. It also permits a repeat recording with the same project before sending to a school; both attempts are visible, and sending freezes that project. These are provider-level pre-decision mechanisms, not a Caltech admission appeal.",2026-09-25T20:11:49Z
A04,California Institute of Technology,3,https://initialview.com/viva/terms-and-conditions/,new function-specific technical and scope evidence,accessible_browser_after_javascript_only_web_response,Not stated,We do not intervene in academic or admissions judgments.,Section 6 identifies AI-generated project questions; section 8 describes AI analysis/question generation. Section 10 leaves academic/admissions judgments to institutional reviewers. No outcome-changing remedy follows from provider feedback.,2026-09-25T20:11:49Z
A04,California Institute of Technology,4,https://www.admissions.caltech.edu/visit/contact-us,new official admissions context,accessible,Not stated,Reach out to the Admissions Office,A generic contact page was found by the uniform searches; it does not specify a merits appeal or outcome-changing remedy.,2026-09-25T20:11:49Z
A05,University of Oregon,1,https://admissions.uoregon.edu/self-reported-transcript-and-academic-record-system,inherited activation and recourse; redirects to current official page,accessible_official_redirect,Not stated,Double-check every field for accuracy before you submit an AI-generated STARS.,The current canonical page explicitly identifies EasyImport and permits applicants to update erroneous STARS fields through their application portal; new grades may be added until February 15. This is direct academic-record correction before review. Canonical URL: https://www.uoregon.edu/admissions/undergraduate/application-review/self-reported-transcript-stars/,2026-09-25T20:11:49Z
A05,University of Oregon,2,https://registrar.uoregon.edu/privacy/education-records/processes-inspecting-and-reviewing-educational-records,new official record amendment procedure; scope exclusion,accessible,Not stated,all students,This education-record process is framed for students and does not establish coverage of unsuccessful applicants or appeals from academic judgments. It cannot upgrade the admissions L7/L8 cells.,2026-09-25T20:11:49Z
A05,University of Oregon,3,https://catalog.uoregon.edu/admissiontograduation/admissions/admissions.pdf,new official admissions catalogue; scope exclusion,accessible,Not stated,Review of Residence Classification Decisions,"The appeal language found in the admissions PDF concerns residence classification/tuition status, a different decision object. It is not an admissions-merits appeal.",2026-09-25T20:11:49Z
A06,University of Houston-Downtown,1,https://www.parchment.com/blog/how-the-university-of-houston-downtown-automated-transcript-processing/,inherited activation,accessible,"April 13, 2023","UHD has successfully processed over 30,000 transcripts without manual intervention","The case names UHD officials, OCR/PDF conversion and admissions evaluation. It does not provide exact percentages of freshman/transfer transcripts; ordinary undergraduate coverage is independently shown by the appeal page.",2026-09-25T20:11:49Z
A06,University of Houston-Downtown,2,https://www.uhd.edu/admissions/appeal/index.aspx,inherited recourse; redirects to official .html page,accessible_official_redirect,Not stated,You may submit an appeal if you were not offered admission,The page expressly provides freshman and transfer deadlines and links the public undergraduate appeal form. Canonical URL: https://www.uhd.edu/admissions/appeal/index.html,2026-09-25T20:11:49Z
A06,University of Houston-Downtown,3,https://app.smartsheet.com/b/form/42d113e3f5a34ba28a0a69994faec0ec,new linked official public appeal form,accessible_browser_after_empty_web_response,Not stated,Please upload any unofficial transcript(s) here for purposes of reviewing GPA information,Officially linked form permits HS transcripts for freshmen and college/university transcripts for transfers. The faculty Individual Review Committee reviews appeals and can recommend admission; successful applicants receive correspondence. This links admissions reconsideration to the processed academic-record domain.,2026-09-25T20:11:49Z
A07,Virginia Tech,1,https://news.vt.edu/articles/2025/07/admissions-updatesFAQ-2025.html,inherited activation,accessible_direct_http_after_web_403,2025-07 in URL; 2025–26 admissions cycle,each essay will be reviewed by one human admissions team member and one AI reviewer,"Institution's 2025–26-cycle statement describes AI confirmation of the human essay score, second-human escalation when scores differ by more than two points, and exclusively human final decisions. Actual public page content was read via direct HTTPS 200.",2026-09-25T20:11:49Z
A07,Virginia Tech,2,https://www.vt.edu/admissions/undergraduate/apply/policies.html,inherited recourse,accessible_direct_http_after_web_403,Not stated,grades on your Self-reported Transcript and Academic Record System (STARS) Record were incorrectly recorded,"First-year applicants can request an appeal form within 30 days, supply an appeal letter/new information such as incorrect self-reporting, and receive Admissions Committee decision. Senior grades and later tests are excluded. These are correction-oriented academic-record grounds, not essay-score grounds.",2026-09-25T20:11:49Z
A07,Virginia Tech,3,https://www.vt.edu/admissions/undergraduate/apply/what-does-my-admissions-decision-mean.html,inherited follow-up; conflicting finality rule,accessible_direct_http_after_web_403,Not stated,"That decision is final, and your application will not be reconsidered.","The denial FAQ also says all decisions are final within a cycle. The source does not expressly carve out the separate correction-based appeals policy. Without an explicit reconciliation, current applicability remains uncertain.",2026-09-25T20:11:49Z
A08,UNC-Chapel Hill,1,https://admissions.unc.edu/faqs/does-undergraduate-admissions-use-ai-and-why/,inherited activation,accessible,Not stated,UNC uses AI programs to provide data points about students’ common application essay and their school transcripts.,The institution names essay writing/grammar and course-rigor data as inputs to human admission staff. The retained case is its essay/AI-derived-data function; no second case is created from the same disclosure.,2026-09-25T20:11:49Z
A08,UNC-Chapel Hill,2,https://catalog.unc.edu/admissions/undergraduate/,inherited recourse,accessible,"Current page references fall 2026; policy amendment history through January 23, 2014",material or procedural error in the admissions process,"Appendix A covers negative or rescinded admissions decisions, grounds of policy violation/material or procedural error, written appeal and file review by admission officer with further provost review. Applicant omissions or later changed academic/personal circumstances ordinarily do not qualify.",2026-09-25T20:11:49Z
A09,Hope College,1,https://www.parchment.com/en-au/blog/data-automation-transforming-transcript-processing-hope-college/,inherited activation,accessible,"June 6, 2025",eliminate manual transcript data entry for first-year admissions,Provider case confirms machine-learning transcript/GPA workflow and admissions committee use of data; no explicit correction or override authority is described.,2026-09-25T20:11:49Z
A09,Hope College,2,https://hope.edu/admissions/apply.html,inherited recourse locator; new direct activation evidence,accessible,Current page advertises Fall 2027 applications; no publication date,The Hope College Admissions team uses AI tools to assist with operational procedures,"The AI Usage Disclosure explicitly covers high-school transcript/application processing. The same page describes ordinary application review, merit-scholarship academic updates and reactivation of prior applications; these do not establish a challenge to a current first-year admissions decision.",2026-09-25T20:11:49Z
A09,Hope College,3,https://hope.edu/academics/education/student-teaching/resources/Appeals%20Process.pdf,new official appeal result; excluded scope,accessible,Not stated,denied admission to the Teacher Education Program,"This appeals procedure concerns entry/progression in teacher education and student teaching, with course-specific thresholds. It is not general first-year admission.",2026-09-25T20:11:49Z
A09,Hope College,4,https://www.hope.edu/offices/registrar/transcripts-verifications/transcripts.html,new official search result; not recourse evidence,search_text_only,Not stated,Your transcript is the official documentation of your record at Hope College.,"Search result is about ordering Hope's outgoing transcripts, not correcting an incoming admission transcript. No classification rests on this snippet.",2026-09-25T20:11:49Z
A10,University of Texas at Austin,1,https://www.int.parchment.com/en-sea/events-webinars/data-automation-slate-transforming-transcript-processing-at-the-university-of-texas-austin/,inherited activation,accessible_landing_page_video_not_viewed,"April 18, 2024",Parchment Data Automation and Slate are helping The University of Texas at Austin,Landing page establishes a named operational transcript-to-data integration and faster admission decisions. It does not delimit freshman versus transfer coverage or independently demonstrate model/correction details. Embedded webinar was not viewed.,2026-09-25T20:11:49Z
A10,University of Texas at Austin,2,https://admissions.utexas.edu/apply/review-decision-process/appeals/,inherited recourse,accessible,Not stated,Appeals will only be considered in the following cases,"Current appeals page lists procedural application-stage categories such as lateness, semester/major changes before decision, reinstatement and CAP institution changes. It directs applicants denied admission or seeking a different major after decision to the waitlist.",2026-09-25T20:11:49Z
A10,University of Texas at Austin,3,https://admissions.utexas.edu/apply/review-decision-process/waitlist/,inherited follow-up; explicit nonavailability and limited updates,accessible,Not stated,Admissions decision appeals or requests for additional reviews of an application will not be accepted.,"The waitlist permits denied/admitted-major-change applicants to provide a short academic update, with possible consideration only if space opens; other supporting materials are not reviewed. Both freshman and transfer deadlines are listed.",2026-09-25T20:11:49Z
A11,Northern Arizona University,1,https://www.parchment.com/en-nz/events-webinars/a-new-way-to-automate-transcripts-as-data/,inherited activation,accessible,"March 2, 2023",the inaccuracies are found and corrected in PeopleSoft,"Named NAU admissions-processing director describes operational OCR for transfer transcripts and manual correction of inaccurate data. This supports L4 internal control, without establishing an applicant right.",2026-09-25T20:11:49Z
A11,Northern Arizona University,2,https://legacy.nau.edu/wp-content/uploads/sites/6/nau-admissions-appeal-checklist.pdf,inherited recourse,partial_search_text_then_live_404,Undated checklist; search crawl/publication labels not treated as document dates,Transfer students should send updated transcripts reflecting new coursework.,"Search indexing exposes a checklist covering first-year and transfer applicants, appeal letters and new transcripts. Initial web open reported 44 PDF lines but did not return their text; subsequent web open and direct HTTP returned 404. Therefore this is partial verification, not a current full-document read.",2026-09-25T20:11:49Z
A11,Northern Arizona University,3,https://archive.library.nau.edu/digital/api/collection/nauarch/id/19355/download,additional-query historical corroboration; excluded as current policy,search_text_only_historical_archive,Not stated,our Admissions Review Committee will re-evaluate your file and render a decision,"Archived catalogue wording is consistent with an appeal, but its date/current applicability was not established and it is not used to refresh current E cells.",2026-09-25T20:11:49Z
A12,Georgia State University,1,https://www.parchment.com/events-webinars/data-automation-banner-transforming-transcript-processing-at-georgia-state-university/,inherited activation,opened_text,2024-08-14,make faster admissions decisions,Named deployment and transcript-to-data role confirmed; the accessible landing page does not delimit undergraduate versus graduate deployment.,2026-09-25T20:10:00Z
A12,Georgia State University,2,https://www.parchment.com/platform/higher-education/receive-data-automation/,linked technical context,opened_text,undated,adaptive AI,Names AI-assisted high-school and college transcript extraction; generic product scope cannot establish Georgia State population or applicant rights.,2026-09-25T20:10:00Z
A12,Georgia State University,3,https://admissions.gsu.edu/bachelors-degree/apply/high-school/?applicantspecialty=freshman-applicants,inherited recourse,opened_text_after_initial_timeout,undated,re-evaluated through submission of updated documents,"Academic-ineligibility appeal covers undergraduate applicants, offers freshman and non-freshman forms, accepts updated transcripts or scores, and reaches a final admissions decision.",2026-09-25T20:10:00Z
A12,Georgia State University,4,https://admissions.gsu.edu/kb/updating-your-application/,new recourse,opened_text,2018-06-22; last update 2025-03-11,request a re-evaluation of your file with new transcripts and/or test scores,"Freshman updates and reconsideration depend on application term, decision status and deadlines.",2026-09-25T20:10:00Z
A12,Georgia State University,5,https://www.usg.edu/legal/discretionary-review/,scope exclusion,opened_text,undated,EXCEPT admissions,"Ordinary system discretionary review excludes admissions, while exceptional miscarriage-of-justice or system-wide-significance review may remain discretionary. This does not cancel institutional undergraduate appeals.",2026-09-25T20:10:00Z
A13,Miami University,1,https://www.parchment.com/en-au/events-webinars/data-automation-slate-2-admissions-teams-transforming-transcript-processing-webinar/,inherited activation,opened_text,2025-06-05,machine learning in Parchment Data Automation,Miami University Ohio is named with Slate transcript extraction; precise applicant levels and internal override rights are not delimited.,2026-09-25T20:10:00Z
A13,Miami University,2,https://miamioh.edu/admission-aid/apply/first-year-students/,inherited recourse,opened_text,undated,Use your Applicant Status Page to monitor your application checklist,"First-year application monitoring, required transcripts, and admissions contact are documented; no substantive decision appeal or remedy appears in the opened text.",2026-09-25T20:10:00Z
A14,University of Texas at Tyler,1,https://aacrao.secure-platform.com/a/gallery/rounds/116/details/31747,inherited activation,opened_text,2024-11-06 conference session,Sia's AI-Powered Automated Transcript Processing System at UT Tyler,"Names deployment, application-processing purpose and university presenters. Transfer/articulation session metadata does not prove an exclusively undergraduate deployment.",2026-09-25T20:10:00Z
A14,University of Texas at Tyler,2,https://www.uttyler.edu/admissions-aid/first-year/freshman-requirements/,inherited recourse,opened_text,undated,Appeals will be reviewed by the Admissions Appeals Committee,Freshman applicants below minimum requirements may appeal with documentation of barriers; academic and other achievements are considered.,2026-09-25T20:10:00Z
A14,University of Texas at Tyler,3,https://uttyler.smartcatalogiq.com/en/2026-2027/catalog/undergraduate-admissions-and-enrollment/undergraduate-admission-requirements/appealing-an-admission-decision,new recourse,opened_text,2026–2027 catalog,Petitions for special admission to the university must receive approval from the Admissions Appeal Committee,Broader undergraduate special-admission route accepts supporting documentation and permits admission after approval.,2026-09-25T20:10:00Z
A14,University of Texas at Tyler,4,https://www.uttyler.edu/admissions-aid/files/files/ut%20tyler-admissions-policy.pdf,new recourse and scope exclusion,opened_pdf_text,undated document; search metadata reports approximately 2015,Denials to graduate or professional programs with restricted admissions based on their capacity to effectively serve students may not be appealed.,Undergraduate denials have a two-stage appeal. Graduate/professional review is limited to policy/criteria errors and excludes capacity denials. Supporting documents and renewed decisions are specified.,2026-09-25T20:10:00Z
A15,Illinois Institute of Technology,1,https://events.educause.edu/annual-conference/2025/agenda/aipowered-admissions-transcript-processing-as-a-catalyst-for-data-transformation,inherited activation,blocked_open_search_text_only,2025-10-28 conference session,Illinois Institute of Technology adopted a solution,"Search-indexed text identifies AI transcript processing and faster admissions decisions. Repeated page opens failed, so activation and population are not fully reverified.",2026-09-25T20:10:00Z
A15,Illinois Institute of Technology,2,https://catalog.iit.edu/undergraduate/undergraduate-admission/,new scope check,opened_text,2026–2027 catalog,responsible for admission decisions for all undergraduate students,Undergraduate owner and admissions requirements are documented; no denied-applicant appeal was located in the read catalog text.,2026-09-25T20:10:00Z
A15,Illinois Institute of Technology,3,https://catalog.iit.edu/undergraduate/academic-policies-procedures/petitions/,scope exclusion,opened_text,2026–2027 catalog,A student may request a review of decisions concerning academic status or regulations,Academic-status petitions and preapproval for future transfer courses do not establish a denied-applicant admissions route.,2026-09-25T20:10:00Z
A16,Xavier University of Louisiana,1,https://aacrao.secure-platform.com/a/gallery/rounds/125/details/37097,inherited activation,opened_text,2025-03-31 conference session,Harnessing the Power of AI in handling Freshmen and Transfer Transcripts,Named XULA presentation describes freshman transcript standardization and transfer-course equivalencies; the session identifies an XULA presenter and transfer committees.,2026-09-25T20:10:00Z
A16,Xavier University of Louisiana,2,https://www.xula.edu/admissions/undergraduate-admission/firsttimefreshmen/,new admission scope check,blocked_403_search_text_only,undated,holistic assessment,"Indexed first-time admission text is visible, but full-page opening returned 403. It cannot support complete current-policy verification.",2026-09-25T20:10:00Z
A16,Xavier University of Louisiana,3,https://www.xula.edu/assets/academicappealform_cas.pdf,potential scope exclusion,blocked_fetch_search_text_only,undated,dismissal for unsatisfactory academic performance or for readmission,Indexed appeal form concerns academic dismissal/readmission; full PDF opening failed. No initial-admission route is established from this partial source.,2026-09-25T20:10:00Z
A16,Xavier University of Louisiana,4,https://admissions.xula.edu/apply/,new admission scope check,opened_text,undated,professional judgment when making admissions decisions,Undergraduate application portal establishes admissions staff ownership; no applicant reconsideration mechanism is documented in the open text.,2026-09-25T20:10:00Z
A17,Tarleton State University,1,https://www.tarleton.edu/news/automation-tool-expedites-tarleton-state-admissions-processing/,inherited activation,opened_text,undated in inspected extract; discusses 2024 operations and fall 2025 applications,"incoming high school, transfer and graduate student transcripts",Institutional deployment spans three applicant categories; staff deliver admissions decisions after DigiScript processing.,2026-09-25T20:10:00Z
A17,Tarleton State University,2,https://www.tarleton.edu/admissions/freshman-admissions-appeals/,inherited recourse and scope exclusion,opened_text,undated,"No, only Freshman students can appeal.",Freshman appeals accept changed credentials or circumstances and may change a decision. Transfers are directed to inquire by email or phone; international freshmen may use the route.,2026-09-25T20:10:00Z
A17,Tarleton State University,3,https://catalog.tarleton.edu/admissions/,new recourse,opened_text,current catalog; precise revision date not stated,Transfer appeal requests should be submitted to transfer@tarleton.edu.,Undergraduate catalog provides individual approval/Appeals Committee route and transfer appeals. It excludes applicants ineligible to return to a previous institution; no graduate route is established.,2026-09-25T20:10:00Z
A17,Tarleton State University,4,https://tarleton-public.courseleaf.com/admissions/,initial new recourse locator,blocked_502_official_replacement_opened,current catalog search result,,CourseLeaf mirror failed; same titled official catalog at catalog.tarleton.edu was opened and used.,2026-09-25T20:10:00Z
A18,Clemson University,1,https://www.clemson.edu/admissions/undergraduate-admissions/apply/stars.html,inherited activation and correction,opened_text,undated,"If you need to fix a mistake or update your STARS after submitting it, contact us","Clemson names EasyImport, requires applicant accuracy review, and offers post-submission correction contact. STARS covers first-year applicants and explicitly excludes transfers.",2026-09-25T20:10:00Z
A18,Clemson University,2,https://starsrecord.zendesk.com/hc/en-us/articles/40276594278299-STARS-EasyImport-AI-OCR-Availability,technical corroboration,opened_text,2026-08-06,uses OCR (Optical Character Recognition) and AI (Artificial Intelligence),Named feature imports records and permits manual entry; only some institutions enable it. Clemson's own page closes feature activation.,2026-09-25T20:10:00Z
A18,Clemson University,3,https://www.clemson.edu/admissions/undergraduate-admissions/apply/appeals.html,inherited recourse,opened_text,2026 appeal calendar,"required to upload a current high school or college transcript, or degree progress report",Denied undergraduate applicants may seek another admissions consideration with new compelling material. Waitlisted applicants must wait for denial; Summer Start offers are ineligible; second appeals are unavailable.,2026-09-25T20:10:00Z
A20,Oklahoma State University Institute of Technology,1,https://ktechproducts.com/osuit-casestudy/,inherited activation,opened_text_after_initial_failure,undated; go-live stated February 2024,"Student types (applicants, readmits, transfers, reverse transfers) required different business rules.","Provider identifies broad transcript/credit evaluation deployment and named assistant registrar; describes feedback loops/audit bots, not an express human override procedure.",2026-09-25T20:10:00Z
A20,Oklahoma State University Institute of Technology,2,https://osuit.edu/admissions/admission-requirements,new admission scope check,opened_text,undated,The application of your transfer credit toward completion,Academic admissions categories and credit application are described; these do not alone establish appeal.,2026-09-25T20:10:00Z
A20,Oklahoma State University Institute of Technology,3,https://osuit.edu/academics/registrar/academic-performance-policy,scope exclusion,opened_text,undated,academic suspension appeals process,Suspension/grade appeals concern academic performance after study; not generalized to initial transcript-processing decisions.,2026-09-25T20:10:00Z
A20,Oklahoma State University Institute of Technology,4,https://osuit.edu/student-life/files/fall-24-students-rights-responsibilities.pdf,new recourse locator,blocked_fetch_search_text_only,fall 2024 filename,,Newer rights-document locator failed. Older accessible official document used with temporal limitation.,2026-09-25T20:10:00Z
A20,Oklahoma State University Institute of Technology,5,https://osuit.edu/site-files/documents/student-rights-fall-2023.pdf,new recourse,opened_pdf_text,Fall 2023,to rescind any previous decision,"Pages 13–15 describe first-time/transfer nonacademic denial appeals, arguments/new evidence, reconsideration and rescission. Subject is conduct/criminal/falsification grounds, not academic transcript evaluation.",2026-09-25T20:10:00Z
A21,NC State University,1,https://emas.ncsu.edu/operations/systems-and-operations/,inherited activation,opened_text,undated,AIRR is utilized by Undergraduate Admissions and Registration and Records staff only.,"Institution-hosted page identifies AI transcript extraction, validation and mapping, responsible offices and staff access; no express applicant override right.",2026-09-25T20:10:00Z
A21,NC State University,2,https://admissions.ncsu.edu/apply/first-year/test-score-consideration-in-admission-decisions/,inherited recourse,opened_text,undated,it is unlikely test scores alone will change your admission decision,Denied applicants who originally opted not to submit scores may seek reconsideration; deferred applicants have specified update options. Change is possible but not promised.,2026-09-25T20:10:00Z
A21,NC State University,3,https://admissions.ncsu.edu/connect/,new recourse,opened_text,undated,"update an existing application, add new information, report a class change",General undergraduate contact/update route; supports submissions without documenting a universal substantive appeal.,2026-09-25T20:10:00Z
A21,NC State University,4,https://registrar.ncsu.edu/operations/degree-audit-and-transfer-credit/,new related recourse,opened_text,undated,If you feel a course has not been evaluated accurately,Transfer-credit appeal is available for newly admitted and enrolled students. It is not shown to challenge AIRR output or denied admission.,2026-09-25T20:10:00Z
A21,NC State University,5,https://admissions.ncsu.edu/connect/frequently-asked-questions/,new population context,opened_text,undated,provided a transfer credit report if you are admitted,Credit evaluation/reports are tied to admitted status; distinguishes this mechanism from denial reconsideration.,2026-09-25T20:10:00Z
A22,Indiana University,1,https://vpsseie.iu.edu/strategic-areas/usi/raptor.html,inherited activation,opened_text,undated; implementation stated 2024,enables the UES team to focus on quality assurance rather than data entry,"Raptor processes college and high-school undergraduate transcripts into PeopleSoft. Institutional teams, quality assurance and governance are identified; no applicant correction right is stated.",2026-09-25T20:10:00Z
A22,Indiana University,2,https://www.policy.iu.edu/policies/bot-22-establishing-campus-admission-policies/index.html,inherited recourse,opened_text,June 2025 substantive revision,Applicants who are not admitted should be advised of what steps to take in order to be reconsidered at a later date.,"All-campus undergraduate admission policy requires advice for later reconsideration. It does not identify a same-cycle appeal, corrective-record procedure or remedy authority for Raptor outputs.",2026-09-25T20:10:00Z
A23,University of Pennsylvania,1,https://admissions.upenn.edu/how-to-apply/preparing-your-application/integrity-AI-in-admissions-process,inherited activation and recourse,opened_text,undated,a member of our staff reviews and confirms the outcome before it affects your file,"Administrative AI assists completeness, transcript/grading interpretation, transfer-credit preliminary review and incoming documents; staff own evaluations and check outcomes. Applicants must report changed information directly.",2026-09-25T20:10:00Z
A23,University of Pennsylvania,2,https://admissions.upenn.edu/how-to-apply/for-applicants,new recourse and nonavailability,opened_text,2026 cycle information; otherwise undated,"If you are not admitted, our decision is final for this application cycle",First-year ED/RD denial is final for the cycle. Deferral allows ordinary later review; this does not establish a denied-applicant challenge route.,2026-09-25T20:10:00Z
A23,University of Pennsylvania,3,https://admissions.upenn.edu/how-to-apply/preparing-your-application/submission-guidelines,new evidence submission context,opened_text,undated,Official transcripts and other official school records must be emailed to Penn directly by a school official.,"Documents can be submitted by authorized sources; this is an application-data channel, not a right to merits reconsideration after denial.",2026-09-25T20:10:00Z
A24,University of Georgia,1,https://news.uga.edu/transferring-to-uga-streamlined-with-new-tech/,inherited activation,actual text read,2025-05-12,continue to review 100% of the incoming transcripts and double-check the work completed by this program,"Institution-hosted account describes transfer transcript AI/ICR/ML implemented in late March, student-system translation, and full staff double-check. Internal control is not an applicant challenge right.",2026-09-25T20:10:04Z
A24,University of Georgia,2,https://admissions.uga.edu/transfer-denied-faqs/,inherited recourse,access blocked: HTTP 403,Not stated,,Retain inherited transfer-denial finding without calling it freshly verified. Repeated opens did not retrieve actual text.,2026-09-25T20:10:04Z
A24,University of Georgia,3,https://admissions.uga.edu/conduct/,new scope check,access blocked: HTTP 403; search-index extract only,Not stated,,"Search extract concerns conduct-related admissions handling, not a general transfer academic-denial review. Not used to upgrade.",2026-09-25T20:10:04Z
A24,University of Georgia,4,https://admissions.uga.edu/admissions/first-year/first-year-faq/,new result screened,search-index extract only; excluded population,Not stated,,First-year application-edit guidance does not establish a route for the retained transfer population.,2026-09-25T20:10:04Z
A25,University of Minnesota Twin Cities,1,https://admissions.tc.umn.edu/faqs-courses-and-grades-self-reporting-your-transcript,inherited activation and correction,actual text read,Not stated,check that the computer imported your transcript data correctly and make any adjustments before you submit,"Easy Import is explicitly offered in STARS; applicants check/correct imported course/grade data before submission. Post-Common-App corrections and updates use STARS. Defer/waitlist applicants can add senior grades; admitted applicants undergo final-record verification. Page calls this computer import, not explicitly AI.",2026-09-25T20:10:04Z
A25,University of Minnesota Twin Cities,2,https://admissions.tc.umn.edu/verification-self-reported-academic-record,inherited recourse,actual text read via official /node/791 link after direct-locator timeouts,Not stated,The Appeals Committee will review and determine the outcome of the appeal.,"Final-record discrepancies may change the admitting college or cancel admission, including accidental errors. Affected applicants have seven days to appeal with directly relevant supporting documents. This is post-offer verification, not documented initial-denial appeal.",2026-09-25T20:10:04Z
A25,University of Minnesota Twin Cities,3,https://admissions.tc.umn.edu/node/791,official retrieval alias,actual text read; redirects to inherited recourse,Not stated,,Official FAQ link supplied this alias; it successfully exposed the entire substantive verification policy.,2026-09-25T20:10:04Z
A25,University of Minnesota Twin Cities,4,https://admissions.tc.umn.edu/hs-counselor-guidebook/senior-year-grades-policy,new corroborating result,search-index extract only; repeated direct opens timed out,Not stated,,"Search extract corroborates a seven-day appeal after cancellation/college change, but no independent full-page verification is claimed.",2026-09-25T20:10:04Z
A26,National University of Singapore,1,https://nusit.nus.edu.sg/report-card-2025/2025/08/18/ai-know-oam-saraq/,inherited activation,HTTP 404; search-index extract only,2025-08-18 (URL and indexed article date),an AI tool that not only scores each short response but also explains the rationale behind the assessment,"Indexed institutional extract supports saraQ short-response scoring. Actual page could not be reopened, so precise deployment coverage is not freshly verified.",2026-09-25T20:10:04Z
A26,National University of Singapore,2,https://www.nus.edu.sg/oam/admissions/appeals,inherited recourse,actual text read,Not stated,Appeal for NUS Medicine and Dentistry will not be considered unless you have been shortlisted for assessment earlier.,"Applicants with outcomes may appeal or request programme changes, providing additional academic/non-academic achievements. OAM coordinates faculty review; programme appeals have a Medicine/Dentistry shortlist restriction. New credentials do not establish access to, correction of, or reconsideration of the original saraQ scoring.",2026-09-25T20:10:04Z
A27,RMIT University,1,https://www.caudit.edu.au/about/caudit-awards/award-submissions-2024/,"inherited activation, professional-hosted institutional submission",actual relevant text read,2024 awards page; exact publication day not stated,The solution leverages Microsoft’s Azure Open AI to analyse and categorise uploaded documents such as passport scans and transcripts.,International admissions automation handles document separation/validation and visa-status compliance in StudyLink. Staff assess application quality. External hosting preserves L1=P despite the institutional submission.,2026-09-25T20:10:04Z
A27,RMIT University,2,https://policies.rmit.edu.au/document/view.php?id=135,inherited current recourse,actual text read,effective 2023-10-02; administrative amendment 2025-07-29,International applicants who have been denied under the Simplified Student Visa Framework (SSVF) cannot seek a review of this decision.,"Clauses 44-52 provide feedback, evidence-based formal review, investigation and written action notices for eligible applicants; SSVF-denied internationals are excluded. Visa-status processing is expressly within activation scope, so exclusion cannot be ignored.",2026-09-25T20:10:04Z
A27,RMIT University,3,https://policies.rmit.edu.au/document/status-and-details.php?id=135,current-version metadata,actual text read,effective 2023-10-02; administrative amendment 2025-07-29,,Official status is current. July 2025 change concerns the registrar title; no expiry. Do not cite the previously expired version as current.,2026-09-25T20:10:04Z
A27,RMIT University,4,https://www.rmit.edu.au/study-with-us/applying-to-rmit/local-student-applications/entry-requirements/admissions-transparency,new result screened,search-index extract only,Not stated,,Local-student feedback route is not a substitute for broad international coverage; full operative policy was read instead.,2026-09-25T20:10:04Z
A28,Queen's University Belfast,1,https://www.qub.ac.uk/sites/StaffGateway/News/NewsArchive/2026/TranscriptDigitalTransformationUniversityAdmissions.html,inherited activation,HTTP 403; substantial search-index extract only,2026-02-23 (indexed page date),AI-enabled solutions that read and process applications faster and with greater accuracy,Indexed official statement describes application processing and alternative-course suggestions after an applicant misses criteria. Actual page access remains blocked.,2026-09-25T20:10:04Z
A28,Queen's University Belfast,2,https://www.qub.ac.uk/contact/complaints/complaints-prospective-students/,inherited recourse,HTTP 403,Not stated,,"Retain inherited coding; no fresh full-text confirmation of complaint grounds, review authority or remedy.",2026-09-25T20:10:04Z
A28,Queen's University Belfast,3,https://www.qub.ac.uk/Study/Undergraduate/How-to-apply/information-advice/,new official recourse lead,HTTP 403; search-index extract only,Not stated,,Indexed undergraduate guidance directs unfair-application concerns to Admissions and Access; narrower undergraduate scope cannot verify all deployment populations.,2026-09-25T20:10:04Z
A28,Queen's University Belfast,4,https://www.qub.ac.uk/directorates/InformationServices/digital-transformation/queens-portal/ams/,new population lead,HTTP 403; search-index extract only,Not stated,,"Indexed AMS description covers Clearing, undergraduate direct and postgraduate taught/research applications. It does not prove every such application uses every AI feature.",2026-09-25T20:10:04Z
A28,Queen's University Belfast,5,https://www.qub.ac.uk/directorates/MRCI/admissions/FileStore/Filetoupload%2C639139%2Cen.pdf,new official policy lead,search-index extract only; not opened,Not stated,,"Potential fuller policy located, but not relied upon as verified operative text in this bounded pass.",2026-09-25T20:10:04Z
A29,Anglia Ruskin University,1,https://www.niico.ai/resources/anglia-ruskin-university,inherited provider-hosted activation,actual text read,Not stated,"In UK and EU Admissions, agents handle document management, conditional document review, share code checking, qualification verification and contextual offer making.","Provider account describes UK/EU admissions and international authenticity checking, prioritisation, identity/passport and English-test verification. Current prose is broader than a single transcript task; no institution-hosted disclosure upgrade.",2026-09-25T20:10:04Z
A29,Anglia Ruskin University,2,https://www.aru.ac.uk/study/admissions/admissions-complaints-and-appeals-procedure,inherited recourse,actual text read,Not stated,new information has emerged which was not available at the time of application and which may alter the decision,"Procedure covers ARU applicants, names UK/international/research authorities and allows procedural irregularity, new information or bias/discrimination grounds. Academic/professional judgment is excluded. Supporting information, investigation, escalation and a change-capable decision are documented, but no specific processed record is identified.",2026-09-25T20:10:04Z
A30,University of Connecticut,1,https://admissions.uconn.edu/apply/first-year/requirements/,inherited activation,actual text read,Not stated,The AI tool captures high school course level data and grades from the transcript and recalculates a grade point average,Institution expressly describes AI GPA recalculation for first-year applicants using its criteria and admissions-committee review. No express applicant audit or correction of the resulting GPA is described.,2026-09-25T20:10:04Z
A30,University of Connecticut,2,https://admissions.uconn.edu/apply/first-year/appeal/,inherited recourse,actual text read,Not stated,"Your appeal will be reviewed by the Admissions Committee, and a final decision will be made.","Appeal requires significant new academic information unavailable at initial review; examples include improved transcripts/test scores. Test-optional status cannot be changed. Reversals are possible but uncommon. The route links the academic-record domain, not original AI-error correction.",2026-09-25T20:10:04Z
A31,University of Massachusetts Amherst,1,https://www.umass.edu/admissions/undergraduate-admissions/apply/admission-decision,inherited activation,HTTP 403,Not stated,,Actual inherited activation unavailable; retain prior AI/transcript attribution without claiming fresh verification.,2026-09-25T20:10:04Z
A31,University of Massachusetts Amherst,2,https://www.umass.edu/admissions/apply/admission-decision,new official replacement locator,HTTP 403; search-index extract only,Not stated,,Indexed current first-year review description does not independently establish the AI role from the accessible excerpt.,2026-09-25T20:10:04Z
A31,University of Massachusetts Amherst,3,https://www.umass.edu/admissions/appeals-policy,inherited recourse,HTTP 403; substantial search-index extract only,2026-02-27 (indexed last-updated line),All admissions decisions are final.,Indexed policy distinguishes first-year finality from transfer appeals using additional academic information. University Admissions Committee conduct/criminal decisions are also final. Do not import the transfer route into a first-year coding judgment.,2026-09-25T20:10:04Z
A32,University of Waterloo,1,https://uwaterloo.ca/future-students/admissions/admission-information-form,inherited activation,actual text read,Not stated,"if the AIF scores differ significantly, a second human scorer reviews the submission",Institution confirms AI plus trained human AIF scoring and additional human review on disagreement. Identifiers are removed; this internal control does not grant applicants a challenge. Submitted AIF cannot be edited.,2026-09-25T20:10:04Z
A32,University of Waterloo,2,https://uwaterloo.ca/secretariat/policies-procedures-guidelines/policy-72,inherited recourse exclusion,actual text read,established 2008-09-01; updated 2010-09-13 and titles amended 2020-02-28,The following matters cannot be appealed:,Policy 72 expressly excludes admission/readmission among academic matters. General enrolled-student appeal and remedy provisions cannot be treated as applicant recourse.,2026-09-25T20:10:04Z
A32,University of Waterloo,3,https://uwaterloo.ca/future-students/applicants/special-consideration,new official alternative checked,actual text read,Not stated,Request special consideration by completing the appropriate form listed below based on your personal circumstances.,Accommodation and exceptional-circumstance information is considered with the application and may address unmet offer conditions. It is not presented as review of the original AIF score or an appeal against an admissions denial.,2026-09-25T20:10:04Z
A33,Western Governors University,1,https://www.wgu.edu/blog/future-student-journey2405.html,inherited activation,actual relevant text read,Not stated,"uses AI to quickly process and analyze student transcripts, identifying relevant courses and transferable credits","Institution describes AI transcript recognition for transfer-course/credit identification, with business owners evaluating/retraining the model. No performance audit inferred.",2026-09-25T20:10:04Z
A33,Western Governors University,2,https://www.wgu.edu/admissions/transfers/transfer-to-wgu.html,inherited recourse,actual text read,Not stated,"If you still feel credit was not correctly awarded, you may officially appeal your evaluation of transfer credit.","Applicants receive an official evaluation, may appeal via enrollment counselor with supporting documentation within 15 business days, and receive a written outcome. The text does not explicitly describe the resulting amended-credit/changed-award disposition. An isolated sentence contradicts the surrounding no-credit-after-start wording; do not infer expanded post-enrollment rights.",2026-09-25T20:10:04Z
A33,Western Governors University,3,https://cm.wgu.edu/t5/WGU-Student-Policy-Handbook/1-3-2-Undergraduate-Transfer-Credit/ta-p/49140,inherited follow-up policy alternative,open returned internal error; actual text unavailable,Not stated,,No fresh handbook verification. Cannot use this unavailable text to upgrade L8.,2026-09-25T20:10:04Z
A33,Western Governors University,4,https://www.wgu.edu/admissions/transfers/wgu-transcript-request/exclusion-appeal.html,new scope result screened,search-index extract only,Not stated,,Waiver of requirement to supply an irrelevant transcript is not a challenge to a disputed transfer-credit evaluation; not pooled into the scored route.,2026-09-25T20:10:04Z
A34,University of Houston,1,https://smartpandatools.com/success-story-university-of-houston/,inherited provider-hosted activation,actual text read,Not stated,you can make any fixes within a couple clicks,"Provider account names Raptor transcript extraction/GPA calculation and institutional staff correction; also describes transfer-rule work. Supports internal L4, not an applicant-specific AI challenge. Freshman cohort and general transcript processing are both discussed.",2026-09-25T20:10:04Z
A34,University of Houston,2,https://uh.edu/undergraduate-admissions/apply/incoming-freshman/freshman-appeals/index,inherited recourse,actual text read; redirects to www.uh.edu,Not stated,Submit your updated academic information and we will automatically reconsider you.,University-level routes distinguish automatic reconsideration for improved freshman GPA/rank/scores and transfer transcripts from a freshman extenuating-circumstances appeal. New record-domain evidence is not an original-Raptor-output correction.,2026-09-25T20:10:04Z
A34,University of Houston,3,https://www.uh.edu/undergraduate-admissions/resources/undergraduate-faqs/,new official scope restrictions and record correction,actual text read,Not stated,Applications denied through our College of Architecture review are not eligible for appeal.,"FAQ limits formal appeals to summer/fall FTIC, including internationals; transfer/spring FTIC have no formal appeal. Appeal admission is limited to non-impacted majors. It also allows correction of submitted self-reports by official transcript. The separate automatic-reconsideration route is not expressly removed.",2026-09-25T20:10:04Z
A34,University of Houston,4,https://www.uh.edu/architecture/future-students/undergraduate/admissions/international-students/,new official decision-stage check,actual text read,Not stated,after they have been admitted to the University of Houston,"Architecture is a second-stage college review after university admission. A college denial cannot simply be treated as absence of university-admission reconsideration, but programme-level remedy coverage remains limited.",2026-09-25T20:10:04Z
